AÑO;COLECTIVO;DEPARTAMENTO;CATEGORÍA;SEXO;CASOS
2020;PDI;BIOTECNOLOGIA;AYUDANTE;HOMBRE;1
2020;PDI;BIOTECNOLOGIA;CATEDRÁTICO DE UNIVERSIDAD;HOMBRE;10
2020;PDI;BIOTECNOLOGIA;CATEDRÁTICO DE UNIVERSIDAD;MUJER;5
2020;PDI;BIOTECNOLOGIA;PROFESOR ASOCIADO;HOMBRE;3
2020;PDI;BIOTECNOLOGIA;PROFESOR ASOCIADO;MUJER;6
2020;PDI;BIOTECNOLOGIA;PROFESOR CONTRATADO DOCTOR;HOMBRE;4
2020;PDI;BIOTECNOLOGIA;PROFESOR CONTRATADO DOCTOR;MUJER;3
2020;PDI;BIOTECNOLOGIA;PROFESOR EMÉRITO;HOMBRE;1
2020;PDI;BIOTECNOLOGIA;PROFESOR TITULAR DE UNIVERSIDAD;HOMBRE;12
2020;PDI;BIOTECNOLOGIA;PROFESOR TITULAR DE UNIVERSIDAD;MUJER;13
2020;PDI;CIENCIA ANIMAL;CATEDRÁTICO DE ESCUELA UNIVERSITARIA;HOMBRE;1
2020;PDI;CIENCIA ANIMAL;CATEDRÁTICO DE UNIVERSIDAD;HOMBRE;10
2020;PDI;CIENCIA ANIMAL;CATEDRÁTICO DE UNIVERSIDAD;MUJER;2
2020;PDI;CIENCIA ANIMAL;PROFESOR ASOCIADO;HOMBRE;2
2020;PDI;CIENCIA ANIMAL;PROFESOR ASOCIADO;MUJER;1
2020;PDI;CIENCIA ANIMAL;PROFESOR TITULAR DE UNIVERSIDAD;HOMBRE;5
2020;PDI;CIENCIA ANIMAL;PROFESOR TITULAR DE UNIVERSIDAD;MUJER;6
2020;PDI;COMPOSICION ARQUITECTONICA;AYUDANTE;HOMBRE;1
2020;PDI;COMPOSICION ARQUITECTONICA;CATEDRÁTICO DE UNIVERSIDAD;HOMBRE;2
2020;PDI;COMPOSICION ARQUITECTONICA;CATEDRÁTICO DE UNIVERSIDAD;MUJER;1
2020;PDI;COMPOSICION ARQUITECTONICA;PROFESOR ASOCIADO;HOMBRE;5
2020;PDI;COMPOSICION ARQUITECTONICA;PROFESOR ASOCIADO;MUJER;5
2020;PDI;COMPOSICION ARQUITECTONICA;PROFESOR CONTRATADO DOCTOR;HOMBRE;3
2020;PDI;COMPOSICION ARQUITECTONICA;PROFESOR EMÉRITO;MUJER;1
2020;PDI;COMPOSICION ARQUITECTONICA;PROFESOR TITULAR DE UNIVERSIDAD;HOMBRE;6
2020;PDI;COMPOSICION ARQUITECTONICA;PROFESOR TITULAR DE UNIVERSIDAD;MUJER;3
2020;PDI;COMUNICACION AUDIOVISUAL, DOCUMENTACION E HISTORIA DEL ARTE;AYUDANTE;HOMBRE;1
2020;PDI;COMUNICACION AUDIOVISUAL, DOCUMENTACION E HISTORIA DEL ARTE;AYUDANTE;MUJER;3
2020;PDI;COMUNICACION AUDIOVISUAL, DOCUMENTACION E HISTORIA DEL ARTE;CATEDRÁTICO DE UNIVERSIDAD;HOMBRE;2
2020;PDI;COMUNICACION AUDIOVISUAL, DOCUMENTACION E HISTORIA DEL ARTE;CATEDRÁTICO DE UNIVERSIDAD;MUJER;3
2020;PDI;COMUNICACION AUDIOVISUAL, DOCUMENTACION E HISTORIA DEL ARTE;PROFESOR ASOCIADO;HOMBRE;10
2020;PDI;COMUNICACION AUDIOVISUAL, DOCUMENTACION E HISTORIA DEL ARTE;PROFESOR ASOCIADO;MUJER;4
2020;PDI;COMUNICACION AUDIOVISUAL, DOCUMENTACION E HISTORIA DEL ARTE;PROFESOR COLABORADOR;HOMBRE;1
2020;PDI;COMUNICACION AUDIOVISUAL, DOCUMENTACION E HISTORIA DEL ARTE;PROFESOR COLABORADOR;MUJER;1
2020;PDI;COMUNICACION AUDIOVISUAL, DOCUMENTACION E HISTORIA DEL ARTE;PROFESOR CONTRATADO DOCTOR;HOMBRE;6
2020;PDI;COMUNICACION AUDIOVISUAL, DOCUMENTACION E HISTORIA DEL ARTE;PROFESOR CONTRATADO DOCTOR;MUJER;3
2020;PDI;COMUNICACION AUDIOVISUAL, DOCUMENTACION E HISTORIA DEL ARTE;PROFESOR TITULAR DE ESCUELA UNIVERSITARIA;MUJER;2
2020;PDI;COMUNICACION AUDIOVISUAL, DOCUMENTACION E HISTORIA DEL ARTE;PROFESOR TITULAR DE UNIVERSIDAD;HOMBRE;17
2020;PDI;COMUNICACION AUDIOVISUAL, DOCUMENTACION E HISTORIA DEL ARTE;PROFESOR TITULAR DE UNIVERSIDAD;MUJER;4
2020;PDI;COMUNICACIONES;CATEDRÁTICO DE UNIVERSIDAD;HOMBRE;39
2020;PDI;COMUNICACIONES;CATEDRÁTICO DE UNIVERSIDAD;MUJER;4
2020;PDI;COMUNICACIONES;PROFESOR COLABORADOR;HOMBRE;2
2020;PDI;COMUNICACIONES;PROFESOR CONTRATADO DOCTOR;HOMBRE;1
2020;PDI;COMUNICACIONES;PROFESOR EMÉRITO;HOMBRE;1
2020;PDI;COMUNICACIONES;PROFESOR TITULAR DE ESCUELA UNIVERSITARIA;HOMBRE;3
2020;PDI;COMUNICACIONES;PROFESOR TITULAR DE ESCUELA UNIVERSITARIA;MUJER;2
2020;PDI;COMUNICACIONES;PROFESOR TITULAR DE UNIVERSIDAD;HOMBRE;30
2020;PDI;COMUNICACIONES;PROFESOR TITULAR DE UNIVERSIDAD;MUJER;6
2020;PDI;CONSERVACION Y RESTAURACION DE BIENES CULTURALES;AYUDANTE;HOMBRE;1
2020;PDI;CONSERVACION Y RESTAURACION DE BIENES CULTURALES;AYUDANTE;MUJER;1
2020;PDI;CONSERVACION Y RESTAURACION DE BIENES CULTURALES;CATEDRÁTICO DE UNIVERSIDAD;HOMBRE;2
2020;PDI;CONSERVACION Y RESTAURACION DE BIENES CULTURALES;CATEDRÁTICO DE UNIVERSIDAD;MUJER;4
2020;PDI;CONSERVACION Y RESTAURACION DE BIENES CULTURALES;PROFESOR ASOCIADO;MUJER;6
2020;PDI;CONSERVACION Y RESTAURACION DE BIENES CULTURALES;PROFESOR CONTRATADO DOCTOR;HOMBRE;1
2020;PDI;CONSERVACION Y RESTAURACION DE BIENES CULTURALES;PROFESOR CONTRATADO DOCTOR;MUJER;1
2020;PDI;CONSERVACION Y RESTAURACION DE BIENES CULTURALES;PROFESOR EMÉRITO;MUJER;1
2020;PDI;CONSERVACION Y RESTAURACION DE BIENES CULTURALES;PROFESOR TITULAR DE UNIVERSIDAD;HOMBRE;5
2020;PDI;CONSERVACION Y RESTAURACION DE BIENES CULTURALES;PROFESOR TITULAR DE UNIVERSIDAD;MUJER;15
2020;PDI;CONSTRUCCIONES ARQUITECTONICAS;CATEDRÁTICO DE UNIVERSIDAD;HOMBRE;3
2020;PDI;CONSTRUCCIONES ARQUITECTONICAS;PROFESOR ASOCIADO;HOMBRE;8
2020;PDI;CONSTRUCCIONES ARQUITECTONICAS;PROFESOR ASOCIADO;MUJER;7
2020;PDI;CONSTRUCCIONES ARQUITECTONICAS;PROFESOR COLABORADOR;HOMBRE;2
2020;PDI;CONSTRUCCIONES ARQUITECTONICAS;PROFESOR COLABORADOR;MUJER;4
2020;PDI;CONSTRUCCIONES ARQUITECTONICAS;PROFESOR CONTRATADO DOCTOR;HOMBRE;5
2020;PDI;CONSTRUCCIONES ARQUITECTONICAS;PROFESOR CONTRATADO DOCTOR;MUJER;3
2020;PDI;CONSTRUCCIONES ARQUITECTONICAS;PROFESOR TITULAR DE ESCUELA UNIVERSITARIA;HOMBRE;6
2020;PDI;CONSTRUCCIONES ARQUITECTONICAS;PROFESOR TITULAR DE ESCUELA UNIVERSITARIA;MUJER;4
2020;PDI;CONSTRUCCIONES ARQUITECTONICAS;PROFESOR TITULAR DE UNIVERSIDAD;HOMBRE;11
2020;PDI;CONSTRUCCIONES ARQUITECTONICAS;PROFESOR TITULAR DE UNIVERSIDAD;MUJER;2
2020;PDI;DIBUJO;AYUDANTE;HOMBRE;2
2020;PDI;DIBUJO;AYUDANTE;MUJER;4
2020;PDI;DIBUJO;CATEDRÁTICO DE UNIVERSIDAD;HOMBRE;4
2020;PDI;DIBUJO;CATEDRÁTICO DE UNIVERSIDAD;MUJER;1
2020;PDI;DIBUJO;PROFESOR ASOCIADO;HOMBRE;15
2020;PDI;DIBUJO;PROFESOR ASOCIADO;MUJER;6
2020;PDI;DIBUJO;PROFESOR COLABORADOR;MUJER;1
2020;PDI;DIBUJO;PROFESOR CONTRATADO DOCTOR;HOMBRE;6
2020;PDI;DIBUJO;PROFESOR CONTRATADO DOCTOR;MUJER;2
2020;PDI;DIBUJO;PROFESOR TITULAR DE UNIVERSIDAD;HOMBRE;9
2020;PDI;DIBUJO;PROFESOR TITULAR DE UNIVERSIDAD;MUJER;12
2020;PDI;ECONOMIA Y CIENCIAS SOCIALES;AYUDANTE;HOMBRE;5
2020;PDI;ECONOMIA Y CIENCIAS SOCIALES;AYUDANTE;MUJER;2
2020;PDI;ECONOMIA Y CIENCIAS SOCIALES;CATEDRÁTICO DE UNIVERSIDAD;HOMBRE;10
2020;PDI;ECONOMIA Y CIENCIAS SOCIALES;CATEDRÁTICO DE UNIVERSIDAD;MUJER;1
2020;PDI;ECONOMIA Y CIENCIAS SOCIALES;PROFESOR ASOCIADO;HOMBRE;21
2020;PDI;ECONOMIA Y CIENCIAS SOCIALES;PROFESOR ASOCIADO;MUJER;28
2020;PDI;ECONOMIA Y CIENCIAS SOCIALES;PROFESOR COLABORADOR;MUJER;1
2020;PDI;ECONOMIA Y CIENCIAS SOCIALES;PROFESOR CONTRATADO DOCTOR;HOMBRE;5
2020;PDI;ECONOMIA Y CIENCIAS SOCIALES;PROFESOR CONTRATADO DOCTOR;MUJER;8
2020;PDI;ECONOMIA Y CIENCIAS SOCIALES;PROFESOR EMÉRITO;HOMBRE;1
2020;PDI;ECONOMIA Y CIENCIAS SOCIALES;PROFESOR TITULAR DE UNIVERSIDAD;HOMBRE;16
2020;PDI;ECONOMIA Y CIENCIAS SOCIALES;PROFESOR TITULAR DE UNIVERSIDAD;MUJER;16
2020;PDI;ECOSISTEMAS AGROFORESTALES;CATEDRÁTICO DE UNIVERSIDAD;HOMBRE;1
2020;PDI;ECOSISTEMAS AGROFORESTALES;CATEDRÁTICO DE UNIVERSIDAD;MUJER;2
2020;PDI;ECOSISTEMAS AGROFORESTALES;PROFESOR ASOCIADO;MUJER;1
2020;PDI;ECOSISTEMAS AGROFORESTALES;PROFESOR CONTRATADO DOCTOR;HOMBRE;1
2020;PDI;ECOSISTEMAS AGROFORESTALES;PROFESOR CONTRATADO DOCTOR;MUJER;2
2020;PDI;ECOSISTEMAS AGROFORESTALES;PROFESOR TITULAR DE ESCUELA UNIVERSITARIA;MUJER;2
2020;PDI;ECOSISTEMAS AGROFORESTALES;PROFESOR TITULAR DE UNIVERSIDAD;HOMBRE;5
2020;PDI;ECOSISTEMAS AGROFORESTALES;PROFESOR TITULAR DE UNIVERSIDAD;MUJER;4
2020;PDI;ESCULTURA;AYUDANTE;HOMBRE;1
2020;PDI;ESCULTURA;AYUDANTE;MUJER;1
2020;PDI;ESCULTURA;CATEDRÁTICO DE UNIVERSIDAD;HOMBRE;3
2020;PDI;ESCULTURA;CATEDRÁTICO DE UNIVERSIDAD;MUJER;4
2020;PDI;ESCULTURA;PROFESOR ASOCIADO;HOMBRE;9
2020;PDI;ESCULTURA;PROFESOR ASOCIADO;MUJER;3
2020;PDI;ESCULTURA;PROFESOR CONTRATADO DOCTOR;HOMBRE;3
2020;PDI;ESCULTURA;PROFESOR CONTRATADO DOCTOR;MUJER;3
2020;PDI;ESCULTURA;PROFESOR TITULAR DE ESCUELA UNIVERSITARIA;HOMBRE;2
2020;PDI;ESCULTURA;PROFESOR TITULAR DE UNIVERSIDAD;HOMBRE;6
2020;PDI;ESCULTURA;PROFESOR TITULAR DE UNIVERSIDAD;MUJER;14
2020;PDI;ESTADISTICA E INVESTIGACION OPERATIVA APLICADAS Y CALIDAD;AYUDANTE;HOMBRE;2
2020;PDI;ESTADISTICA E INVESTIGACION OPERATIVA APLICADAS Y CALIDAD;AYUDANTE;MUJER;1
2020;PDI;ESTADISTICA E INVESTIGACION OPERATIVA APLICADAS Y CALIDAD;CATEDRÁTICO DE UNIVERSIDAD;HOMBRE;5
2020;PDI;ESTADISTICA E INVESTIGACION OPERATIVA APLICADAS Y CALIDAD;CATEDRÁTICO DE UNIVERSIDAD;MUJER;2
2020;PDI;ESTADISTICA E INVESTIGACION OPERATIVA APLICADAS Y CALIDAD;PROFESOR ASOCIADO;HOMBRE;9
2020;PDI;ESTADISTICA E INVESTIGACION OPERATIVA APLICADAS Y CALIDAD;PROFESOR ASOCIADO;MUJER;8
2020;PDI;ESTADISTICA E INVESTIGACION OPERATIVA APLICADAS Y CALIDAD;PROFESOR COLABORADOR;HOMBRE;1
2020;PDI;ESTADISTICA E INVESTIGACION OPERATIVA APLICADAS Y CALIDAD;PROFESOR COLABORADOR;MUJER;2
2020;PDI;ESTADISTICA E INVESTIGACION OPERATIVA APLICADAS Y CALIDAD;PROFESOR CONTRATADO DOCTOR;HOMBRE;3
2020;PDI;ESTADISTICA E INVESTIGACION OPERATIVA APLICADAS Y CALIDAD;PROFESOR CONTRATADO DOCTOR;MUJER;3
2020;PDI;ESTADISTICA E INVESTIGACION OPERATIVA APLICADAS Y CALIDAD;PROFESOR TITULAR DE ESCUELA UNIVERSITARIA;HOMBRE;1
2020;PDI;ESTADISTICA E INVESTIGACION OPERATIVA APLICADAS Y CALIDAD;PROFESOR TITULAR DE UNIVERSIDAD;HOMBRE;9
2020;PDI;ESTADISTICA E INVESTIGACION OPERATIVA APLICADAS Y CALIDAD;PROFESOR TITULAR DE UNIVERSIDAD;MUJER;12
2020;PDI;EXPRESION GRAFICA ARQUITECTONICA;CATEDRÁTICO DE ESCUELA UNIVERSITARIA;MUJER;1
2020;PDI;EXPRESION GRAFICA ARQUITECTONICA;CATEDRÁTICO DE UNIVERSIDAD;HOMBRE;3
2020;PDI;EXPRESION GRAFICA ARQUITECTONICA;PROFESOR ASOCIADO;HOMBRE;10
2020;PDI;EXPRESION GRAFICA ARQUITECTONICA;PROFESOR ASOCIADO;MUJER;6
2020;PDI;EXPRESION GRAFICA ARQUITECTONICA;PROFESOR COLABORADOR;HOMBRE;2
2020;PDI;EXPRESION GRAFICA ARQUITECTONICA;PROFESOR CONTRATADO DOCTOR;HOMBRE;1
2020;PDI;EXPRESION GRAFICA ARQUITECTONICA;PROFESOR CONTRATADO DOCTOR;MUJER;3
2020;PDI;EXPRESION GRAFICA ARQUITECTONICA;PROFESOR TITULAR DE ESCUELA UNIVERSITARIA;HOMBRE;5
2020;PDI;EXPRESION GRAFICA ARQUITECTONICA;PROFESOR TITULAR DE ESCUELA UNIVERSITARIA;MUJER;1
2020;PDI;EXPRESION GRAFICA ARQUITECTONICA;PROFESOR TITULAR DE UNIVERSIDAD;HOMBRE;11
2020;PDI;EXPRESION GRAFICA ARQUITECTONICA;PROFESOR TITULAR DE UNIVERSIDAD;MUJER;5
2020;PDI;FISICA APLICADA;CATEDRÁTICO DE ESCUELA UNIVERSITARIA;HOMBRE;1
2020;PDI;FISICA APLICADA;CATEDRÁTICO DE ESCUELA UNIVERSITARIA;MUJER;1
2020;PDI;FISICA APLICADA;CATEDRÁTICO DE UNIVERSIDAD;HOMBRE;23
2020;PDI;FISICA APLICADA;CATEDRÁTICO DE UNIVERSIDAD;MUJER;3
2020;PDI;FISICA APLICADA;PROFESOR ASOCIADO;HOMBRE;3
2020;PDI;FISICA APLICADA;PROFESOR ASOCIADO;MUJER;1
2020;PDI;FISICA APLICADA;PROFESOR COLABORADOR;MUJER;3
2020;PDI;FISICA APLICADA;PROFESOR CONTRATADO DOCTOR;HOMBRE;2
2020;PDI;FISICA APLICADA;PROFESOR CONTRATADO DOCTOR;MUJER;2
2020;PDI;FISICA APLICADA;PROFESOR TITULAR DE ESCUELA UNIVERSITARIA;HOMBRE;7
2020;PDI;FISICA APLICADA;PROFESOR TITULAR DE ESCUELA UNIVERSITARIA;MUJER;1
2020;PDI;FISICA APLICADA;PROFESOR TITULAR DE UNIVERSIDAD;HOMBRE;29
2020;PDI;FISICA APLICADA;PROFESOR TITULAR DE UNIVERSIDAD;MUJER;10
2020;PDI;INFORMATICA DE SISTEMAS Y COMPUTADORES;AYUDANTE;HOMBRE;1
2020;PDI;INFORMATICA DE SISTEMAS Y COMPUTADORES;CATEDRÁTICO DE ESCUELA UNIVERSITARIA;HOMBRE;1
2020;PDI;INFORMATICA DE SISTEMAS Y COMPUTADORES;CATEDRÁTICO DE UNIVERSIDAD;HOMBRE;18
2020;PDI;INFORMATICA DE SISTEMAS Y COMPUTADORES;CATEDRÁTICO DE UNIVERSIDAD;MUJER;2
2020;PDI;INFORMATICA DE SISTEMAS Y COMPUTADORES;PROFESOR ASOCIADO;HOMBRE;1
2020;PDI;INFORMATICA DE SISTEMAS Y COMPUTADORES;PROFESOR ASOCIADO;MUJER;2
2020;PDI;INFORMATICA DE SISTEMAS Y COMPUTADORES;PROFESOR CONTRATADO DOCTOR;HOMBRE;9
2020;PDI;INFORMATICA DE SISTEMAS Y COMPUTADORES;PROFESOR TITULAR DE ESCUELA UNIVERSITARIA;HOMBRE;9
2020;PDI;INFORMATICA DE SISTEMAS Y COMPUTADORES;PROFESOR TITULAR DE ESCUELA UNIVERSITARIA;MUJER;1
2020;PDI;INFORMATICA DE SISTEMAS Y COMPUTADORES;PROFESOR TITULAR DE UNIVERSIDAD;HOMBRE;34
2020;PDI;INFORMATICA DE SISTEMAS Y COMPUTADORES;PROFESOR TITULAR DE UNIVERSIDAD;MUJER;10
2020;PDI;INGENIERIA CARTOGRAFICA, GEODESIA Y FOTOGRAMETRIA;CATEDRÁTICO DE ESCUELA UNIVERSITARIA;HOMBRE;1
2020;PDI;INGENIERIA CARTOGRAFICA, GEODESIA Y FOTOGRAMETRIA;CATEDRÁTICO DE UNIVERSIDAD;HOMBRE;6
2020;PDI;INGENIERIA CARTOGRAFICA, GEODESIA Y FOTOGRAMETRIA;CATEDRÁTICO DE UNIVERSIDAD;MUJER;1
2020;PDI;INGENIERIA CARTOGRAFICA, GEODESIA Y FOTOGRAMETRIA;PROFESOR COLABORADOR;HOMBRE;2
2020;PDI;INGENIERIA CARTOGRAFICA, GEODESIA Y FOTOGRAMETRIA;PROFESOR COLABORADOR;MUJER;1
2020;PDI;INGENIERIA CARTOGRAFICA, GEODESIA Y FOTOGRAMETRIA;PROFESOR CONTRATADO DOCTOR;HOMBRE;3
2020;PDI;INGENIERIA CARTOGRAFICA, GEODESIA Y FOTOGRAMETRIA;PROFESOR CONTRATADO DOCTOR;MUJER;2
2020;PDI;INGENIERIA CARTOGRAFICA, GEODESIA Y FOTOGRAMETRIA;PROFESOR TITULAR DE ESCUELA UNIVERSITARIA;HOMBRE;4
2020;PDI;INGENIERIA CARTOGRAFICA, GEODESIA Y FOTOGRAMETRIA;PROFESOR TITULAR DE ESCUELA UNIVERSITARIA;MUJER;1
2020;PDI;INGENIERIA CARTOGRAFICA, GEODESIA Y FOTOGRAMETRIA;PROFESOR TITULAR DE UNIVERSIDAD;HOMBRE;16
2020;PDI;INGENIERIA CARTOGRAFICA, GEODESIA Y FOTOGRAMETRIA;PROFESOR TITULAR DE UNIVERSIDAD;MUJER;5
2020;PDI;INGENIERIA DE LA CONSTRUCCION Y DE  PROYECTOS  DE INGENIERIA CIVIL;AYUDANTE;MUJER;1
2020;PDI;INGENIERIA DE LA CONSTRUCCION Y DE  PROYECTOS  DE INGENIERIA CIVIL;CATEDRÁTICO DE UNIVERSIDAD;HOMBRE;18
2020;PDI;INGENIERIA DE LA CONSTRUCCION Y DE  PROYECTOS  DE INGENIERIA CIVIL;CATEDRÁTICO DE UNIVERSIDAD;MUJER;1
2020;PDI;INGENIERIA DE LA CONSTRUCCION Y DE  PROYECTOS  DE INGENIERIA CIVIL;PROFESOR ASOCIADO;HOMBRE;16
2020;PDI;INGENIERIA DE LA CONSTRUCCION Y DE  PROYECTOS  DE INGENIERIA CIVIL;PROFESOR ASOCIADO;MUJER;6
2020;PDI;INGENIERIA DE LA CONSTRUCCION Y DE  PROYECTOS  DE INGENIERIA CIVIL;PROFESOR CONTRATADO DOCTOR;HOMBRE;2
2020;PDI;INGENIERIA DE LA CONSTRUCCION Y DE  PROYECTOS  DE INGENIERIA CIVIL;PROFESOR CONTRATADO DOCTOR;MUJER;4
2020;PDI;INGENIERIA DE LA CONSTRUCCION Y DE  PROYECTOS  DE INGENIERIA CIVIL;PROFESOR TITULAR DE ESCUELA UNIVERSITARIA;HOMBRE;2
2020;PDI;INGENIERIA DE LA CONSTRUCCION Y DE  PROYECTOS  DE INGENIERIA CIVIL;PROFESOR TITULAR DE UNIVERSIDAD;HOMBRE;5
2020;PDI;INGENIERIA DE LA CONSTRUCCION Y DE  PROYECTOS  DE INGENIERIA CIVIL;PROFESOR TITULAR DE UNIVERSIDAD;MUJER;4
2020;PDI;INGENIERIA DE SISTEMAS Y AUTOMATICA;AYUDANTE;HOMBRE;2
2020;PDI;INGENIERIA DE SISTEMAS Y AUTOMATICA;CATEDRÁTICO DE UNIVERSIDAD;HOMBRE;13
2020;PDI;INGENIERIA DE SISTEMAS Y AUTOMATICA;PROFESOR ASOCIADO;HOMBRE;1
2020;PDI;INGENIERIA DE SISTEMAS Y AUTOMATICA;PROFESOR CONTRATADO DOCTOR;HOMBRE;3
2020;PDI;INGENIERIA DE SISTEMAS Y AUTOMATICA;PROFESOR CONTRATADO DOCTOR;MUJER;1
2020;PDI;INGENIERIA DE SISTEMAS Y AUTOMATICA;PROFESOR TITULAR DE ESCUELA UNIVERSITARIA;HOMBRE;2
2020;PDI;INGENIERIA DE SISTEMAS Y AUTOMATICA;PROFESOR TITULAR DE UNIVERSIDAD;HOMBRE;20
2020;PDI;INGENIERIA DE SISTEMAS Y AUTOMATICA;PROFESOR TITULAR DE UNIVERSIDAD;MUJER;1
2020;PDI;INGENIERIA DEL TERRENO;PROFESOR ASOCIADO;HOMBRE;2
2020;PDI;INGENIERIA DEL TERRENO;PROFESOR CONTRATADO DOCTOR;HOMBRE;2
2020;PDI;INGENIERIA DEL TERRENO;PROFESOR TITULAR DE ESCUELA UNIVERSITARIA;HOMBRE;2
2020;PDI;INGENIERIA DEL TERRENO;PROFESOR TITULAR DE ESCUELA UNIVERSITARIA;MUJER;1
2020;PDI;INGENIERIA DEL TERRENO;PROFESOR TITULAR DE UNIVERSIDAD;HOMBRE;3
2020;PDI;INGENIERIA E INFRAESTRUCTURA DE LOS TRANSPORTES;AYUDANTE;HOMBRE;2
2020;PDI;INGENIERIA E INFRAESTRUCTURA DE LOS TRANSPORTES;AYUDANTE;MUJER;1
2020;PDI;INGENIERIA E INFRAESTRUCTURA DE LOS TRANSPORTES;CATEDRÁTICO DE UNIVERSIDAD;HOMBRE;5
2020;PDI;INGENIERIA E INFRAESTRUCTURA DE LOS TRANSPORTES;PROFESOR ASOCIADO;HOMBRE;13
2020;PDI;INGENIERIA E INFRAESTRUCTURA DE LOS TRANSPORTES;PROFESOR ASOCIADO;MUJER;1
2020;PDI;INGENIERIA E INFRAESTRUCTURA DE LOS TRANSPORTES;PROFESOR CONTRATADO DOCTOR;HOMBRE;3
2020;PDI;INGENIERIA E INFRAESTRUCTURA DE LOS TRANSPORTES;PROFESOR CONTRATADO DOCTOR;MUJER;3
2020;PDI;INGENIERIA E INFRAESTRUCTURA DE LOS TRANSPORTES;PROFESOR TITULAR DE UNIVERSIDAD;HOMBRE;3
2020;PDI;INGENIERIA E INFRAESTRUCTURA DE LOS TRANSPORTES;PROFESOR TITULAR DE UNIVERSIDAD;MUJER;1
2020;PDI;INGENIERIA ELECTRICA;AYUDANTE;HOMBRE;2
2020;PDI;INGENIERIA ELECTRICA;AYUDANTE;MUJER;1
2020;PDI;INGENIERIA ELECTRICA;CATEDRÁTICO DE ESCUELA UNIVERSITARIA;HOMBRE;4
2020;PDI;INGENIERIA ELECTRICA;CATEDRÁTICO DE UNIVERSIDAD;HOMBRE;5
2020;PDI;INGENIERIA ELECTRICA;CATEDRÁTICO DE UNIVERSIDAD;MUJER;1
2020;PDI;INGENIERIA ELECTRICA;PROFESOR ASOCIADO;HOMBRE;12
2020;PDI;INGENIERIA ELECTRICA;PROFESOR ASOCIADO;MUJER;1
2020;PDI;INGENIERIA ELECTRICA;PROFESOR CONTRATADO DOCTOR;HOMBRE;3
2020;PDI;INGENIERIA ELECTRICA;PROFESOR CONTRATADO DOCTOR;MUJER;2
2020;PDI;INGENIERIA ELECTRICA;PROFESOR EMÉRITO;HOMBRE;1
2020;PDI;INGENIERIA ELECTRICA;PROFESOR TITULAR DE ESCUELA UNIVERSITARIA;HOMBRE;3
2020;PDI;INGENIERIA ELECTRICA;PROFESOR TITULAR DE ESCUELA UNIVERSITARIA;MUJER;1
2020;PDI;INGENIERIA ELECTRICA;PROFESOR TITULAR DE UNIVERSIDAD;HOMBRE;16
2020;PDI;INGENIERIA ELECTRONICA;AYUDANTE;HOMBRE;2
2020;PDI;INGENIERIA ELECTRONICA;AYUDANTE;MUJER;1
2020;PDI;INGENIERIA ELECTRONICA;CATEDRÁTICO DE UNIVERSIDAD;HOMBRE;16
2020;PDI;INGENIERIA ELECTRONICA;PROFESOR ASOCIADO;HOMBRE;9
2020;PDI;INGENIERIA ELECTRONICA;PROFESOR ASOCIADO;MUJER;3
2020;PDI;INGENIERIA ELECTRONICA;PROFESOR CONTRATADO DOCTOR;HOMBRE;1
2020;PDI;INGENIERIA ELECTRONICA;PROFESOR TITULAR DE ESCUELA UNIVERSITARIA;HOMBRE;8
2020;PDI;INGENIERIA ELECTRONICA;PROFESOR TITULAR DE UNIVERSIDAD;HOMBRE;41
2020;PDI;INGENIERIA ELECTRONICA;PROFESOR TITULAR DE UNIVERSIDAD;MUJER;11
2020;PDI;INGENIERÍA GRÁFICA;AYUDANTE;HOMBRE;1
2020;PDI;INGENIERÍA GRÁFICA;AYUDANTE;MUJER;1
2020;PDI;INGENIERÍA GRÁFICA;CATEDRÁTICO DE UNIVERSIDAD;HOMBRE;5
2020;PDI;INGENIERÍA GRÁFICA;CATEDRÁTICO DE UNIVERSIDAD;MUJER;2
2020;PDI;INGENIERÍA GRÁFICA;PROFESOR ASOCIADO;HOMBRE;11
2020;PDI;INGENIERÍA GRÁFICA;PROFESOR ASOCIADO;MUJER;3
2020;PDI;INGENIERÍA GRÁFICA;PROFESOR CONTRATADO DOCTOR;HOMBRE;4
2020;PDI;INGENIERÍA GRÁFICA;PROFESOR CONTRATADO DOCTOR;MUJER;2
2020;PDI;INGENIERÍA GRÁFICA;PROFESOR TITULAR DE ESCUELA UNIVERSITARIA;HOMBRE;9
2020;PDI;INGENIERÍA GRÁFICA;PROFESOR TITULAR DE ESCUELA UNIVERSITARIA;MUJER;1
2020;PDI;INGENIERÍA GRÁFICA;PROFESOR TITULAR DE UNIVERSIDAD;HOMBRE;6
2020;PDI;INGENIERÍA GRÁFICA;PROFESOR TITULAR DE UNIVERSIDAD;MUJER;7
2020;PDI;INGENIERIA HIDRAULICA Y MEDIO AMBIENTE;CATEDRÁTICO DE UNIVERSIDAD;HOMBRE;13
2020;PDI;INGENIERIA HIDRAULICA Y MEDIO AMBIENTE;CATEDRÁTICO DE UNIVERSIDAD;MUJER;1
2020;PDI;INGENIERIA HIDRAULICA Y MEDIO AMBIENTE;PROFESOR ASOCIADO;HOMBRE;22
2020;PDI;INGENIERIA HIDRAULICA Y MEDIO AMBIENTE;PROFESOR ASOCIADO;MUJER;11
2020;PDI;INGENIERIA HIDRAULICA Y MEDIO AMBIENTE;PROFESOR COLABORADOR;HOMBRE;1
2020;PDI;INGENIERIA HIDRAULICA Y MEDIO AMBIENTE;PROFESOR CONTRATADO DOCTOR;HOMBRE;2
2020;PDI;INGENIERIA HIDRAULICA Y MEDIO AMBIENTE;PROFESOR CONTRATADO DOCTOR;MUJER;2
2020;PDI;INGENIERIA HIDRAULICA Y MEDIO AMBIENTE;PROFESOR EMÉRITO;HOMBRE;1
2020;PDI;INGENIERIA HIDRAULICA Y MEDIO AMBIENTE;PROFESOR TITULAR DE ESCUELA UNIVERSITARIA;HOMBRE;3
2020;PDI;INGENIERIA HIDRAULICA Y MEDIO AMBIENTE;PROFESOR TITULAR DE ESCUELA UNIVERSITARIA;MUJER;1
2020;PDI;INGENIERIA HIDRAULICA Y MEDIO AMBIENTE;PROFESOR TITULAR DE UNIVERSIDAD;HOMBRE;25
2020;PDI;INGENIERIA HIDRAULICA Y MEDIO AMBIENTE;PROFESOR TITULAR DE UNIVERSIDAD;MUJER;2
2020;PDI;INGENIERIA MECANICA Y DE MATERIALES;AYUDANTE;HOMBRE;2
2020;PDI;INGENIERIA MECANICA Y DE MATERIALES;AYUDANTE;MUJER;2
2020;PDI;INGENIERIA MECANICA Y DE MATERIALES;CATEDRÁTICO DE UNIVERSIDAD;HOMBRE;16
2020;PDI;INGENIERIA MECANICA Y DE MATERIALES;CATEDRÁTICO DE UNIVERSIDAD;MUJER;2
2020;PDI;INGENIERIA MECANICA Y DE MATERIALES;PROFESOR ASOCIADO;HOMBRE;27
2020;PDI;INGENIERIA MECANICA Y DE MATERIALES;PROFESOR ASOCIADO;MUJER;2
2020;PDI;INGENIERIA MECANICA Y DE MATERIALES;PROFESOR COLABORADOR;HOMBRE;2
2020;PDI;INGENIERIA MECANICA Y DE MATERIALES;PROFESOR COLABORADOR;MUJER;2
2020;PDI;INGENIERIA MECANICA Y DE MATERIALES;PROFESOR CONTRATADO DOCTOR;HOMBRE;8
2020;PDI;INGENIERIA MECANICA Y DE MATERIALES;PROFESOR CONTRATADO DOCTOR;MUJER;4
2020;PDI;INGENIERIA MECANICA Y DE MATERIALES;PROFESOR TITULAR DE ESCUELA UNIVERSITARIA;HOMBRE;3
2020;PDI;INGENIERIA MECANICA Y DE MATERIALES;PROFESOR TITULAR DE ESCUELA UNIVERSITARIA;MUJER;2
2020;PDI;INGENIERIA MECANICA Y DE MATERIALES;PROFESOR TITULAR DE UNIVERSIDAD;HOMBRE;33
2020;PDI;INGENIERIA MECANICA Y DE MATERIALES;PROFESOR TITULAR DE UNIVERSIDAD;MUJER;3
2020;PDI;INGENIERIA MECANICA Y DE MATERIALES;PROFESOR VISITANTE;HOMBRE;2
2020;PDI;INGENIERIA QUIMICA Y NUCLEAR;AYUDANTE;HOMBRE;1
2020;PDI;INGENIERIA QUIMICA Y NUCLEAR;AYUDANTE;MUJER;1
2020;PDI;INGENIERIA QUIMICA Y NUCLEAR;CATEDRÁTICO DE ESCUELA UNIVERSITARIA;HOMBRE;1
2020;PDI;INGENIERIA QUIMICA Y NUCLEAR;CATEDRÁTICO DE UNIVERSIDAD;HOMBRE;12
2020;PDI;INGENIERIA QUIMICA Y NUCLEAR;CATEDRÁTICO DE UNIVERSIDAD;MUJER;4
2020;PDI;INGENIERIA QUIMICA Y NUCLEAR;PROFESOR ASOCIADO;HOMBRE;5
2020;PDI;INGENIERIA QUIMICA Y NUCLEAR;PROFESOR ASOCIADO;MUJER;8
2020;PDI;INGENIERIA QUIMICA Y NUCLEAR;PROFESOR COLABORADOR;MUJER;1
2020;PDI;INGENIERIA QUIMICA Y NUCLEAR;PROFESOR CONTRATADO DOCTOR;HOMBRE;2
2020;PDI;INGENIERIA QUIMICA Y NUCLEAR;PROFESOR EMÉRITO;HOMBRE;2
2020;PDI;INGENIERIA QUIMICA Y NUCLEAR;PROFESOR TITULAR DE UNIVERSIDAD;HOMBRE;7
2020;PDI;INGENIERIA QUIMICA Y NUCLEAR;PROFESOR TITULAR DE UNIVERSIDAD;MUJER;15
2020;PDI;INGENIERIA RURAL Y AGROALIMENTARIA;CATEDRÁTICO DE ESCUELA UNIVERSITARIA;HOMBRE;1
2020;PDI;INGENIERIA RURAL Y AGROALIMENTARIA;CATEDRÁTICO DE UNIVERSIDAD;HOMBRE;4
2020;PDI;INGENIERIA RURAL Y AGROALIMENTARIA;PROFESOR COLABORADOR;HOMBRE;2
2020;PDI;INGENIERIA RURAL Y AGROALIMENTARIA;PROFESOR CONTRATADO DOCTOR;HOMBRE;1
2020;PDI;INGENIERIA RURAL Y AGROALIMENTARIA;PROFESOR CONTRATADO DOCTOR;MUJER;2
2020;PDI;INGENIERIA RURAL Y AGROALIMENTARIA;PROFESOR TITULAR DE ESCUELA UNIVERSITARIA;HOMBRE;4
2020;PDI;INGENIERIA RURAL Y AGROALIMENTARIA;PROFESOR TITULAR DE UNIVERSIDAD;HOMBRE;10
2020;PDI;INGENIERIA RURAL Y AGROALIMENTARIA;PROFESOR TITULAR DE UNIVERSIDAD;MUJER;2
2020;PDI;INGENIERIA TEXTIL Y PAPELERA;CATEDRÁTICO DE UNIVERSIDAD;HOMBRE;2
2020;PDI;INGENIERIA TEXTIL Y PAPELERA;CATEDRÁTICO DE UNIVERSIDAD;MUJER;1
2020;PDI;INGENIERIA TEXTIL Y PAPELERA;PROFESOR ASOCIADO;HOMBRE;2
2020;PDI;INGENIERIA TEXTIL Y PAPELERA;PROFESOR ASOCIADO;MUJER;1
2020;PDI;INGENIERIA TEXTIL Y PAPELERA;PROFESOR CONTRATADO DOCTOR;HOMBRE;2
2020;PDI;INGENIERIA TEXTIL Y PAPELERA;PROFESOR CONTRATADO DOCTOR;MUJER;1
2020;PDI;INGENIERIA TEXTIL Y PAPELERA;PROFESOR TITULAR DE UNIVERSIDAD;HOMBRE;6
2020;PDI;INGENIERIA TEXTIL Y PAPELERA;PROFESOR TITULAR DE UNIVERSIDAD;MUJER;2
2020;PDI;LINGÜISTICA APLICADA;AYUDANTE;HOMBRE;1
2020;PDI;LINGÜISTICA APLICADA;AYUDANTE;MUJER;4
2020;PDI;LINGÜISTICA APLICADA;CATEDRÁTICO DE UNIVERSIDAD;MUJER;2
2020;PDI;LINGÜISTICA APLICADA;PROFESOR ASOCIADO;HOMBRE;7
2020;PDI;LINGÜISTICA APLICADA;PROFESOR ASOCIADO;MUJER;22
2020;PDI;LINGÜISTICA APLICADA;PROFESOR COLABORADOR;HOMBRE;1
2020;PDI;LINGÜISTICA APLICADA;PROFESOR COLABORADOR;MUJER;2
2020;PDI;LINGÜISTICA APLICADA;PROFESOR CONTRATADO DOCTOR;HOMBRE;1
2020;PDI;LINGÜISTICA APLICADA;PROFESOR CONTRATADO DOCTOR;MUJER;6
2020;PDI;LINGÜISTICA APLICADA;PROFESOR TITULAR DE ESCUELA UNIVERSITARIA;MUJER;6
2020;PDI;LINGÜISTICA APLICADA;PROFESOR TITULAR DE UNIVERSIDAD;HOMBRE;5
2020;PDI;LINGÜISTICA APLICADA;PROFESOR TITULAR DE UNIVERSIDAD;MUJER;19
2020;PDI;MAQUINAS Y MOTORES TERMICOS;AYUDANTE;HOMBRE;5
2020;PDI;MAQUINAS Y MOTORES TERMICOS;CATEDRÁTICO DE UNIVERSIDAD;HOMBRE;20
2020;PDI;MAQUINAS Y MOTORES TERMICOS;CATEDRÁTICO DE UNIVERSIDAD;MUJER;1
2020;PDI;MAQUINAS Y MOTORES TERMICOS;PROFESOR ASOCIADO;HOMBRE;4
2020;PDI;MAQUINAS Y MOTORES TERMICOS;PROFESOR ASOCIADO;MUJER;1
2020;PDI;MAQUINAS Y MOTORES TERMICOS;PROFESOR COLABORADOR;HOMBRE;1
2020;PDI;MAQUINAS Y MOTORES TERMICOS;PROFESOR CONTRATADO DOCTOR;HOMBRE;5
2020;PDI;MAQUINAS Y MOTORES TERMICOS;PROFESOR CONTRATADO DOCTOR;MUJER;2
2020;PDI;MAQUINAS Y MOTORES TERMICOS;PROFESOR EMÉRITO;HOMBRE;1
2020;PDI;MAQUINAS Y MOTORES TERMICOS;PROFESOR TITULAR DE UNIVERSIDAD;HOMBRE;14
2020;PDI;MAQUINAS Y MOTORES TERMICOS;PROFESOR TITULAR DE UNIVERSIDAD;MUJER;1
2020;PDI;MATEMATICA APLICADA;CATEDRÁTICO DE ESCUELA UNIVERSITARIA;HOMBRE;6
2020;PDI;MATEMATICA APLICADA;CATEDRÁTICO DE ESCUELA UNIVERSITARIA;MUJER;1
2020;PDI;MATEMATICA APLICADA;CATEDRÁTICO DE UNIVERSIDAD;HOMBRE;24
2020;PDI;MATEMATICA APLICADA;CATEDRÁTICO DE UNIVERSIDAD;MUJER;6
2020;PDI;MATEMATICA APLICADA;PROFESOR CONTRATADO DOCTOR;HOMBRE;2
2020;PDI;MATEMATICA APLICADA;PROFESOR CONTRATADO DOCTOR;MUJER;3
2020;PDI;MATEMATICA APLICADA;PROFESOR EMÉRITO;HOMBRE;1
2020;PDI;MATEMATICA APLICADA;PROFESOR TITULAR DE ESCUELA UNIVERSITARIA;HOMBRE;1
2020;PDI;MATEMATICA APLICADA;PROFESOR TITULAR DE ESCUELA UNIVERSITARIA;MUJER;3
2020;PDI;MATEMATICA APLICADA;PROFESOR TITULAR DE UNIVERSIDAD;HOMBRE;32
2020;PDI;MATEMATICA APLICADA;PROFESOR TITULAR DE UNIVERSIDAD;MUJER;34
2020;PDI;MECANICA DE LOS MEDIOS CONTINUOS Y TEORIA DE ESTRUCTURAS;CATEDRÁTICO DE UNIVERSIDAD;HOMBRE;4
2020;PDI;MECANICA DE LOS MEDIOS CONTINUOS Y TEORIA DE ESTRUCTURAS;PROFESOR ASOCIADO;HOMBRE;12
2020;PDI;MECANICA DE LOS MEDIOS CONTINUOS Y TEORIA DE ESTRUCTURAS;PROFESOR ASOCIADO;MUJER;4
2020;PDI;MECANICA DE LOS MEDIOS CONTINUOS Y TEORIA DE ESTRUCTURAS;PROFESOR CONTRATADO DOCTOR;HOMBRE;3
2020;PDI;MECANICA DE LOS MEDIOS CONTINUOS Y TEORIA DE ESTRUCTURAS;PROFESOR CONTRATADO DOCTOR;MUJER;3
2020;PDI;MECANICA DE LOS MEDIOS CONTINUOS Y TEORIA DE ESTRUCTURAS;PROFESOR TITULAR DE ESCUELA UNIVERSITARIA;HOMBRE;5
2020;PDI;MECANICA DE LOS MEDIOS CONTINUOS Y TEORIA DE ESTRUCTURAS;PROFESOR TITULAR DE ESCUELA UNIVERSITARIA;MUJER;1
2020;PDI;MECANICA DE LOS MEDIOS CONTINUOS Y TEORIA DE ESTRUCTURAS;PROFESOR TITULAR DE UNIVERSIDAD;HOMBRE;18
2020;PDI;MECANICA DE LOS MEDIOS CONTINUOS Y TEORIA DE ESTRUCTURAS;PROFESOR TITULAR DE UNIVERSIDAD;MUJER;4
2020;PDI;ORGANIZACIÓN DE EMPRESAS;AYUDANTE;HOMBRE;2
2020;PDI;ORGANIZACIÓN DE EMPRESAS;AYUDANTE;MUJER;6
2020;PDI;ORGANIZACIÓN DE EMPRESAS;CATEDRÁTICO DE UNIVERSIDAD;HOMBRE;11
2020;PDI;ORGANIZACIÓN DE EMPRESAS;CATEDRÁTICO DE UNIVERSIDAD;MUJER;5
2020;PDI;ORGANIZACIÓN DE EMPRESAS;PROFESOR ASOCIADO;HOMBRE;39
2020;PDI;ORGANIZACIÓN DE EMPRESAS;PROFESOR ASOCIADO;MUJER;16
2020;PDI;ORGANIZACIÓN DE EMPRESAS;PROFESOR COLABORADOR;HOMBRE;3
2020;PDI;ORGANIZACIÓN DE EMPRESAS;PROFESOR COLABORADOR;MUJER;1
2020;PDI;ORGANIZACIÓN DE EMPRESAS;PROFESOR CONTRATADO DOCTOR;HOMBRE;3
2020;PDI;ORGANIZACIÓN DE EMPRESAS;PROFESOR CONTRATADO DOCTOR;MUJER;7
2020;PDI;ORGANIZACIÓN DE EMPRESAS;PROFESOR TITULAR DE ESCUELA UNIVERSITARIA;HOMBRE;5
2020;PDI;ORGANIZACIÓN DE EMPRESAS;PROFESOR TITULAR DE ESCUELA UNIVERSITARIA;MUJER;2
2020;PDI;ORGANIZACIÓN DE EMPRESAS;PROFESOR TITULAR DE UNIVERSIDAD;HOMBRE;23
2020;PDI;ORGANIZACIÓN DE EMPRESAS;PROFESOR TITULAR DE UNIVERSIDAD;MUJER;12
2020;PDI;PINTURA;AYUDANTE;HOMBRE;2
2020;PDI;PINTURA;AYUDANTE;MUJER;1
2020;PDI;PINTURA;CATEDRÁTICO DE UNIVERSIDAD;HOMBRE;4
2020;PDI;PINTURA;PROFESOR ASOCIADO;HOMBRE;3
2020;PDI;PINTURA;PROFESOR ASOCIADO;MUJER;5
2020;PDI;PINTURA;PROFESOR CONTRATADO DOCTOR;HOMBRE;2
2020;PDI;PINTURA;PROFESOR CONTRATADO DOCTOR;MUJER;1
2020;PDI;PINTURA;PROFESOR TITULAR DE ESCUELA UNIVERSITARIA;HOMBRE;1
2020;PDI;PINTURA;PROFESOR TITULAR DE UNIVERSIDAD;HOMBRE;21
2020;PDI;PINTURA;PROFESOR TITULAR DE UNIVERSIDAD;MUJER;8
2020;PDI;PRODUCCION VEGETAL;CATEDRÁTICO DE ESCUELA UNIVERSITARIA;HOMBRE;1
2020;PDI;PRODUCCION VEGETAL;CATEDRÁTICO DE ESCUELA UNIVERSITARIA;MUJER;2
2020;PDI;PRODUCCION VEGETAL;CATEDRÁTICO DE UNIVERSIDAD;HOMBRE;2
2020;PDI;PRODUCCION VEGETAL;PROFESOR COLABORADOR;MUJER;1
2020;PDI;PRODUCCION VEGETAL;PROFESOR CONTRATADO DOCTOR;HOMBRE;2
2020;PDI;PRODUCCION VEGETAL;PROFESOR CONTRATADO DOCTOR;MUJER;1
2020;PDI;PRODUCCION VEGETAL;PROFESOR EMÉRITO;HOMBRE;2
2020;PDI;PRODUCCION VEGETAL;PROFESOR TITULAR DE UNIVERSIDAD;HOMBRE;9
2020;PDI;PRODUCCION VEGETAL;PROFESOR TITULAR DE UNIVERSIDAD;MUJER;5
2020;PDI;PROYECTOS ARQUITECTONICOS;CATEDRÁTICO DE UNIVERSIDAD;HOMBRE;2
2020;PDI;PROYECTOS ARQUITECTONICOS;PROFESOR ASOCIADO;HOMBRE;41
2020;PDI;PROYECTOS ARQUITECTONICOS;PROFESOR ASOCIADO;MUJER;7
2020;PDI;PROYECTOS ARQUITECTONICOS;PROFESOR COLABORADOR;MUJER;2
2020;PDI;PROYECTOS ARQUITECTONICOS;PROFESOR CONTRATADO DOCTOR;HOMBRE;7
2020;PDI;PROYECTOS ARQUITECTONICOS;PROFESOR CONTRATADO DOCTOR;MUJER;3
2020;PDI;PROYECTOS ARQUITECTONICOS;PROFESOR EMÉRITO;HOMBRE;1
2020;PDI;PROYECTOS ARQUITECTONICOS;PROFESOR TITULAR DE ESCUELA UNIVERSITARIA;HOMBRE;2
2020;PDI;PROYECTOS ARQUITECTONICOS;PROFESOR TITULAR DE UNIVERSIDAD;HOMBRE;10
2020;PDI;PROYECTOS ARQUITECTONICOS;PROFESOR TITULAR DE UNIVERSIDAD;MUJER;5
2020;PDI;PROYECTOS DE INGENIERIA;AYUDANTE;MUJER;2
2020;PDI;PROYECTOS DE INGENIERIA;CATEDRÁTICO DE UNIVERSIDAD;HOMBRE;1
2020;PDI;PROYECTOS DE INGENIERIA;CATEDRÁTICO DE UNIVERSIDAD;MUJER;2
2020;PDI;PROYECTOS DE INGENIERIA;PROFESOR ASOCIADO;HOMBRE;5
2020;PDI;PROYECTOS DE INGENIERIA;PROFESOR ASOCIADO;MUJER;2
2020;PDI;PROYECTOS DE INGENIERIA;PROFESOR CONTRATADO DOCTOR;HOMBRE;2
2020;PDI;PROYECTOS DE INGENIERIA;PROFESOR CONTRATADO DOCTOR;MUJER;4
2020;PDI;PROYECTOS DE INGENIERIA;PROFESOR TITULAR DE ESCUELA UNIVERSITARIA;HOMBRE;1
2020;PDI;PROYECTOS DE INGENIERIA;PROFESOR TITULAR DE ESCUELA UNIVERSITARIA;MUJER;2
2020;PDI;PROYECTOS DE INGENIERIA;PROFESOR TITULAR DE UNIVERSIDAD;HOMBRE;14
2020;PDI;PROYECTOS DE INGENIERIA;PROFESOR TITULAR DE UNIVERSIDAD;MUJER;3
2020;PDI;QUIMICA;AYUDANTE;HOMBRE;1
2020;PDI;QUIMICA;CATEDRÁTICO DE ESCUELA UNIVERSITARIA;HOMBRE;3
2020;PDI;QUIMICA;CATEDRÁTICO DE ESCUELA UNIVERSITARIA;MUJER;2
2020;PDI;QUIMICA;CATEDRÁTICO DE UNIVERSIDAD;HOMBRE;6
2020;PDI;QUIMICA;CATEDRÁTICO DE UNIVERSIDAD;MUJER;7
2020;PDI;QUIMICA;PROFESOR ASOCIADO;HOMBRE;1
2020;PDI;QUIMICA;PROFESOR CONTRATADO DOCTOR;HOMBRE;2
2020;PDI;QUIMICA;PROFESOR CONTRATADO DOCTOR;MUJER;2
2020;PDI;QUIMICA;PROFESOR TITULAR DE UNIVERSIDAD;HOMBRE;7
2020;PDI;QUIMICA;PROFESOR TITULAR DE UNIVERSIDAD;MUJER;9
2020;PDI;SISTEMAS INFORMATICOS Y COMPUTACION;AYUDANTE;HOMBRE;1
2020;PDI;SISTEMAS INFORMATICOS Y COMPUTACION;CATEDRÁTICO DE UNIVERSIDAD;HOMBRE;22
2020;PDI;SISTEMAS INFORMATICOS Y COMPUTACION;CATEDRÁTICO DE UNIVERSIDAD;MUJER;7
2020;PDI;SISTEMAS INFORMATICOS Y COMPUTACION;PROFESOR ASOCIADO;HOMBRE;9
2020;PDI;SISTEMAS INFORMATICOS Y COMPUTACION;PROFESOR ASOCIADO;MUJER;2
2020;PDI;SISTEMAS INFORMATICOS Y COMPUTACION;PROFESOR COLABORADOR;HOMBRE;2
2020;PDI;SISTEMAS INFORMATICOS Y COMPUTACION;PROFESOR CONTRATADO DOCTOR;HOMBRE;8
2020;PDI;SISTEMAS INFORMATICOS Y COMPUTACION;PROFESOR CONTRATADO DOCTOR;MUJER;4
2020;PDI;SISTEMAS INFORMATICOS Y COMPUTACION;PROFESOR EMÉRITO;HOMBRE;1
2020;PDI;SISTEMAS INFORMATICOS Y COMPUTACION;PROFESOR TITULAR DE ESCUELA UNIVERSITARIA;HOMBRE;8
2020;PDI;SISTEMAS INFORMATICOS Y COMPUTACION;PROFESOR TITULAR DE ESCUELA UNIVERSITARIA;MUJER;1
2020;PDI;SISTEMAS INFORMATICOS Y COMPUTACION;PROFESOR TITULAR DE UNIVERSIDAD;HOMBRE;53
2020;PDI;SISTEMAS INFORMATICOS Y COMPUTACION;PROFESOR TITULAR DE UNIVERSIDAD;MUJER;12
2020;PDI;TECNOLOGIA DE ALIMENTOS;CATEDRÁTICO DE UNIVERSIDAD;HOMBRE;8
2020;PDI;TECNOLOGIA DE ALIMENTOS;CATEDRÁTICO DE UNIVERSIDAD;MUJER;11
2020;PDI;TECNOLOGIA DE ALIMENTOS;PROFESOR ASOCIADO;HOMBRE;3
2020;PDI;TECNOLOGIA DE ALIMENTOS;PROFESOR EMÉRITO;HOMBRE;1
2020;PDI;TECNOLOGIA DE ALIMENTOS;PROFESOR TITULAR DE UNIVERSIDAD;HOMBRE;6
2020;PDI;TECNOLOGIA DE ALIMENTOS;PROFESOR TITULAR DE UNIVERSIDAD;MUJER;22
2020;PDI;TERMODINAMICA APLICADA;AYUDANTE;HOMBRE;4
2020;PDI;TERMODINAMICA APLICADA;AYUDANTE;MUJER;1
2020;PDI;TERMODINAMICA APLICADA;CATEDRÁTICO DE UNIVERSIDAD;HOMBRE;6
2020;PDI;TERMODINAMICA APLICADA;CATEDRÁTICO DE UNIVERSIDAD;MUJER;2
2020;PDI;TERMODINAMICA APLICADA;PROFESOR ASOCIADO;HOMBRE;4
2020;PDI;TERMODINAMICA APLICADA;PROFESOR ASOCIADO;MUJER;4
2020;PDI;TERMODINAMICA APLICADA;PROFESOR CONTRATADO DOCTOR;HOMBRE;2
2020;PDI;TERMODINAMICA APLICADA;PROFESOR TITULAR DE UNIVERSIDAD;HOMBRE;6
2020;PDI;TERMODINAMICA APLICADA;PROFESOR TITULAR DE UNIVERSIDAD;MUJER;2
2020;PDI;URBANISMO;CATEDRÁTICO DE UNIVERSIDAD;HOMBRE;1
2020;PDI;URBANISMO;PROFESOR ASOCIADO;HOMBRE;22
2020;PDI;URBANISMO;PROFESOR ASOCIADO;MUJER;10
2020;PDI;URBANISMO;PROFESOR CONTRATADO DOCTOR;HOMBRE;3
2020;PDI;URBANISMO;PROFESOR CONTRATADO DOCTOR;MUJER;1
2020;PDI;URBANISMO;PROFESOR TITULAR DE ESCUELA UNIVERSITARIA;HOMBRE;3
2020;PDI;URBANISMO;PROFESOR TITULAR DE ESCUELA UNIVERSITARIA;MUJER;3
2020;PDI;URBANISMO;PROFESOR TITULAR DE UNIVERSIDAD;HOMBRE;8
2020;PDI;URBANISMO;PROFESOR TITULAR DE UNIVERSIDAD;MUJER;4
2021;PDI;BIOTECNOLOGIA;AYUDANTE;HOMBRE;1
2021;PDI;BIOTECNOLOGIA;AYUDANTE;MUJER;3
2021;PDI;BIOTECNOLOGIA;CATEDRÁTICO DE UNIVERSIDAD;HOMBRE;10
2021;PDI;BIOTECNOLOGIA;CATEDRÁTICO DE UNIVERSIDAD;MUJER;6
2021;PDI;BIOTECNOLOGIA;PROFESOR ASOCIADO;HOMBRE;2
2021;PDI;BIOTECNOLOGIA;PROFESOR ASOCIADO;MUJER;2
2021;PDI;BIOTECNOLOGIA;PROFESOR CONTRATADO DOCTOR;HOMBRE;4
2021;PDI;BIOTECNOLOGIA;PROFESOR CONTRATADO DOCTOR;MUJER;3
2021;PDI;BIOTECNOLOGIA;PROFESOR EMÉRITO;HOMBRE;2
2021;PDI;BIOTECNOLOGIA;PROFESOR TITULAR DE UNIVERSIDAD;HOMBRE;11
2021;PDI;BIOTECNOLOGIA;PROFESOR TITULAR DE UNIVERSIDAD;MUJER;13
2021;PDI;CIENCIA ANIMAL;AYUDANTE;MUJER;1
2021;PDI;CIENCIA ANIMAL;CATEDRÁTICO DE ESCUELA UNIVERSITARIA;HOMBRE;1
2021;PDI;CIENCIA ANIMAL;CATEDRÁTICO DE UNIVERSIDAD;HOMBRE;10
2021;PDI;CIENCIA ANIMAL;CATEDRÁTICO DE UNIVERSIDAD;MUJER;4
2021;PDI;CIENCIA ANIMAL;PROFESOR ASOCIADO;HOMBRE;2
2021;PDI;CIENCIA ANIMAL;PROFESOR TITULAR DE UNIVERSIDAD;HOMBRE;5
2021;PDI;CIENCIA ANIMAL;PROFESOR TITULAR DE UNIVERSIDAD;MUJER;4
2021;PDI;COMPOSICION ARQUITECTONICA;AYUDANTE;HOMBRE;1
2021;PDI;COMPOSICION ARQUITECTONICA;CATEDRÁTICO DE UNIVERSIDAD;HOMBRE;2
2021;PDI;COMPOSICION ARQUITECTONICA;CATEDRÁTICO DE UNIVERSIDAD;MUJER;1
2021;PDI;COMPOSICION ARQUITECTONICA;PROFESOR ASOCIADO;HOMBRE;5
2021;PDI;COMPOSICION ARQUITECTONICA;PROFESOR ASOCIADO;MUJER;4
2021;PDI;COMPOSICION ARQUITECTONICA;PROFESOR CONTRATADO DOCTOR;HOMBRE;3
2021;PDI;COMPOSICION ARQUITECTONICA;PROFESOR EMÉRITO;MUJER;1
2021;PDI;COMPOSICION ARQUITECTONICA;PROFESOR TITULAR DE UNIVERSIDAD;HOMBRE;6
2021;PDI;COMPOSICION ARQUITECTONICA;PROFESOR TITULAR DE UNIVERSIDAD;MUJER;3
2021;PDI;COMUNICACION AUDIOVISUAL, DOCUMENTACION E HISTORIA DEL ARTE;AYUDANTE;HOMBRE;1
2021;PDI;COMUNICACION AUDIOVISUAL, DOCUMENTACION E HISTORIA DEL ARTE;AYUDANTE;MUJER;3
2021;PDI;COMUNICACION AUDIOVISUAL, DOCUMENTACION E HISTORIA DEL ARTE;CATEDRÁTICO DE UNIVERSIDAD;HOMBRE;4
2021;PDI;COMUNICACION AUDIOVISUAL, DOCUMENTACION E HISTORIA DEL ARTE;CATEDRÁTICO DE UNIVERSIDAD;MUJER;3
2021;PDI;COMUNICACION AUDIOVISUAL, DOCUMENTACION E HISTORIA DEL ARTE;PROFESOR ASOCIADO;HOMBRE;10
2021;PDI;COMUNICACION AUDIOVISUAL, DOCUMENTACION E HISTORIA DEL ARTE;PROFESOR ASOCIADO;MUJER;4
2021;PDI;COMUNICACION AUDIOVISUAL, DOCUMENTACION E HISTORIA DEL ARTE;PROFESOR COLABORADOR;HOMBRE;1
2021;PDI;COMUNICACION AUDIOVISUAL, DOCUMENTACION E HISTORIA DEL ARTE;PROFESOR COLABORADOR;MUJER;1
2021;PDI;COMUNICACION AUDIOVISUAL, DOCUMENTACION E HISTORIA DEL ARTE;PROFESOR CONTRATADO DOCTOR;HOMBRE;5
2021;PDI;COMUNICACION AUDIOVISUAL, DOCUMENTACION E HISTORIA DEL ARTE;PROFESOR CONTRATADO DOCTOR;MUJER;4
2021;PDI;COMUNICACION AUDIOVISUAL, DOCUMENTACION E HISTORIA DEL ARTE;PROFESOR TITULAR DE ESCUELA UNIVERSITARIA;MUJER;2
2021;PDI;COMUNICACION AUDIOVISUAL, DOCUMENTACION E HISTORIA DEL ARTE;PROFESOR TITULAR DE UNIVERSIDAD;HOMBRE;16
2021;PDI;COMUNICACION AUDIOVISUAL, DOCUMENTACION E HISTORIA DEL ARTE;PROFESOR TITULAR DE UNIVERSIDAD;MUJER;4
2021;PDI;COMUNICACIONES;AYUDANTE;HOMBRE;2
2021;PDI;COMUNICACIONES;AYUDANTE;MUJER;1
2021;PDI;COMUNICACIONES;CATEDRÁTICO DE UNIVERSIDAD;HOMBRE;41
2021;PDI;COMUNICACIONES;CATEDRÁTICO DE UNIVERSIDAD;MUJER;5
2021;PDI;COMUNICACIONES;PROFESOR ASOCIADO;HOMBRE;1
2021;PDI;COMUNICACIONES;PROFESOR COLABORADOR;HOMBRE;2
2021;PDI;COMUNICACIONES;PROFESOR CONTRATADO DOCTOR;MUJER;1
2021;PDI;COMUNICACIONES;PROFESOR EMÉRITO;HOMBRE;2
2021;PDI;COMUNICACIONES;PROFESOR TITULAR DE ESCUELA UNIVERSITARIA;HOMBRE;3
2021;PDI;COMUNICACIONES;PROFESOR TITULAR DE ESCUELA UNIVERSITARIA;MUJER;2
2021;PDI;COMUNICACIONES;PROFESOR TITULAR DE UNIVERSIDAD;HOMBRE;28
2021;PDI;COMUNICACIONES;PROFESOR TITULAR DE UNIVERSIDAD;MUJER;5
2021;PDI;CONSERVACION Y RESTAURACION DE BIENES CULTURALES;AYUDANTE;HOMBRE;1
2021;PDI;CONSERVACION Y RESTAURACION DE BIENES CULTURALES;CATEDRÁTICO DE UNIVERSIDAD;HOMBRE;3
2021;PDI;CONSERVACION Y RESTAURACION DE BIENES CULTURALES;CATEDRÁTICO DE UNIVERSIDAD;MUJER;5
2021;PDI;CONSERVACION Y RESTAURACION DE BIENES CULTURALES;PROFESOR ASOCIADO;MUJER;6
2021;PDI;CONSERVACION Y RESTAURACION DE BIENES CULTURALES;PROFESOR CONTRATADO DOCTOR;HOMBRE;1
2021;PDI;CONSERVACION Y RESTAURACION DE BIENES CULTURALES;PROFESOR CONTRATADO DOCTOR;MUJER;2
2021;PDI;CONSERVACION Y RESTAURACION DE BIENES CULTURALES;PROFESOR EMÉRITO;MUJER;1
2021;PDI;CONSERVACION Y RESTAURACION DE BIENES CULTURALES;PROFESOR TITULAR DE UNIVERSIDAD;HOMBRE;4
2021;PDI;CONSERVACION Y RESTAURACION DE BIENES CULTURALES;PROFESOR TITULAR DE UNIVERSIDAD;MUJER;14
2021;PDI;CONSTRUCCIONES ARQUITECTONICAS;CATEDRÁTICO DE UNIVERSIDAD;HOMBRE;3
2021;PDI;CONSTRUCCIONES ARQUITECTONICAS;PROFESOR ASOCIADO;HOMBRE;7
2021;PDI;CONSTRUCCIONES ARQUITECTONICAS;PROFESOR ASOCIADO;MUJER;6
2021;PDI;CONSTRUCCIONES ARQUITECTONICAS;PROFESOR COLABORADOR;HOMBRE;2
2021;PDI;CONSTRUCCIONES ARQUITECTONICAS;PROFESOR COLABORADOR;MUJER;4
2021;PDI;CONSTRUCCIONES ARQUITECTONICAS;PROFESOR CONTRATADO DOCTOR;HOMBRE;6
2021;PDI;CONSTRUCCIONES ARQUITECTONICAS;PROFESOR CONTRATADO DOCTOR;MUJER;3
2021;PDI;CONSTRUCCIONES ARQUITECTONICAS;PROFESOR TITULAR DE ESCUELA UNIVERSITARIA;HOMBRE;5
2021;PDI;CONSTRUCCIONES ARQUITECTONICAS;PROFESOR TITULAR DE ESCUELA UNIVERSITARIA;MUJER;4
2021;PDI;CONSTRUCCIONES ARQUITECTONICAS;PROFESOR TITULAR DE UNIVERSIDAD;HOMBRE;10
2021;PDI;CONSTRUCCIONES ARQUITECTONICAS;PROFESOR TITULAR DE UNIVERSIDAD;MUJER;2
2021;PDI;DIBUJO;AYUDANTE;HOMBRE;3
2021;PDI;DIBUJO;AYUDANTE;MUJER;4
2021;PDI;DIBUJO;CATEDRÁTICO DE UNIVERSIDAD;HOMBRE;3
2021;PDI;DIBUJO;CATEDRÁTICO DE UNIVERSIDAD;MUJER;1
2021;PDI;DIBUJO;PROFESOR ASOCIADO;HOMBRE;16
2021;PDI;DIBUJO;PROFESOR ASOCIADO;MUJER;6
2021;PDI;DIBUJO;PROFESOR COLABORADOR;MUJER;1
2021;PDI;DIBUJO;PROFESOR CONTRATADO DOCTOR;HOMBRE;5
2021;PDI;DIBUJO;PROFESOR CONTRATADO DOCTOR;MUJER;3
2021;PDI;DIBUJO;PROFESOR TITULAR DE UNIVERSIDAD;HOMBRE;10
2021;PDI;DIBUJO;PROFESOR TITULAR DE UNIVERSIDAD;MUJER;13
2021;PDI;ECONOMIA Y CIENCIAS SOCIALES;AYUDANTE;HOMBRE;6
2021;PDI;ECONOMIA Y CIENCIAS SOCIALES;AYUDANTE;MUJER;4
2021;PDI;ECONOMIA Y CIENCIAS SOCIALES;CATEDRÁTICO DE UNIVERSIDAD;HOMBRE;11
2021;PDI;ECONOMIA Y CIENCIAS SOCIALES;CATEDRÁTICO DE UNIVERSIDAD;MUJER;1
2021;PDI;ECONOMIA Y CIENCIAS SOCIALES;PROFESOR ASOCIADO;HOMBRE;26
2021;PDI;ECONOMIA Y CIENCIAS SOCIALES;PROFESOR ASOCIADO;MUJER;22
2021;PDI;ECONOMIA Y CIENCIAS SOCIALES;PROFESOR COLABORADOR;MUJER;1
2021;PDI;ECONOMIA Y CIENCIAS SOCIALES;PROFESOR CONTRATADO DOCTOR;HOMBRE;6
2021;PDI;ECONOMIA Y CIENCIAS SOCIALES;PROFESOR CONTRATADO DOCTOR;MUJER;7
2021;PDI;ECONOMIA Y CIENCIAS SOCIALES;PROFESOR EMÉRITO;HOMBRE;1
2021;PDI;ECONOMIA Y CIENCIAS SOCIALES;PROFESOR TITULAR DE UNIVERSIDAD;HOMBRE;14
2021;PDI;ECONOMIA Y CIENCIAS SOCIALES;PROFESOR TITULAR DE UNIVERSIDAD;MUJER;17
2021;PDI;ECOSISTEMAS AGROFORESTALES;AYUDANTE;MUJER;1
2021;PDI;ECOSISTEMAS AGROFORESTALES;CATEDRÁTICO DE UNIVERSIDAD;HOMBRE;1
2021;PDI;ECOSISTEMAS AGROFORESTALES;CATEDRÁTICO DE UNIVERSIDAD;MUJER;2
2021;PDI;ECOSISTEMAS AGROFORESTALES;PROFESOR ASOCIADO;HOMBRE;1
2021;PDI;ECOSISTEMAS AGROFORESTALES;PROFESOR ASOCIADO;MUJER;2
2021;PDI;ECOSISTEMAS AGROFORESTALES;PROFESOR CONTRATADO DOCTOR;MUJER;1
2021;PDI;ECOSISTEMAS AGROFORESTALES;PROFESOR TITULAR DE ESCUELA UNIVERSITARIA;MUJER;1
2021;PDI;ECOSISTEMAS AGROFORESTALES;PROFESOR TITULAR DE UNIVERSIDAD;HOMBRE;5
2021;PDI;ECOSISTEMAS AGROFORESTALES;PROFESOR TITULAR DE UNIVERSIDAD;MUJER;5
2021;PDI;ESCULTURA;AYUDANTE;HOMBRE;1
2021;PDI;ESCULTURA;AYUDANTE;MUJER;1
2021;PDI;ESCULTURA;CATEDRÁTICO DE UNIVERSIDAD;HOMBRE;4
2021;PDI;ESCULTURA;CATEDRÁTICO DE UNIVERSIDAD;MUJER;3
2021;PDI;ESCULTURA;PROFESOR ASOCIADO;HOMBRE;11
2021;PDI;ESCULTURA;PROFESOR ASOCIADO;MUJER;3
2021;PDI;ESCULTURA;PROFESOR CONTRATADO DOCTOR;HOMBRE;1
2021;PDI;ESCULTURA;PROFESOR CONTRATADO DOCTOR;MUJER;2
2021;PDI;ESCULTURA;PROFESOR TITULAR DE ESCUELA UNIVERSITARIA;HOMBRE;2
2021;PDI;ESCULTURA;PROFESOR TITULAR DE UNIVERSIDAD;HOMBRE;6
2021;PDI;ESCULTURA;PROFESOR TITULAR DE UNIVERSIDAD;MUJER;15
2021;PDI;ESTADISTICA E INVESTIGACION OPERATIVA APLICADAS Y CALIDAD;AYUDANTE;HOMBRE;3
2021;PDI;ESTADISTICA E INVESTIGACION OPERATIVA APLICADAS Y CALIDAD;AYUDANTE;MUJER;2
2021;PDI;ESTADISTICA E INVESTIGACION OPERATIVA APLICADAS Y CALIDAD;CATEDRÁTICO DE UNIVERSIDAD;HOMBRE;7
2021;PDI;ESTADISTICA E INVESTIGACION OPERATIVA APLICADAS Y CALIDAD;CATEDRÁTICO DE UNIVERSIDAD;MUJER;2
2021;PDI;ESTADISTICA E INVESTIGACION OPERATIVA APLICADAS Y CALIDAD;PROFESOR ASOCIADO;HOMBRE;10
2021;PDI;ESTADISTICA E INVESTIGACION OPERATIVA APLICADAS Y CALIDAD;PROFESOR ASOCIADO;MUJER;9
2021;PDI;ESTADISTICA E INVESTIGACION OPERATIVA APLICADAS Y CALIDAD;PROFESOR COLABORADOR;MUJER;1
2021;PDI;ESTADISTICA E INVESTIGACION OPERATIVA APLICADAS Y CALIDAD;PROFESOR CONTRATADO DOCTOR;HOMBRE;4
2021;PDI;ESTADISTICA E INVESTIGACION OPERATIVA APLICADAS Y CALIDAD;PROFESOR CONTRATADO DOCTOR;MUJER;4
2021;PDI;ESTADISTICA E INVESTIGACION OPERATIVA APLICADAS Y CALIDAD;PROFESOR TITULAR DE ESCUELA UNIVERSITARIA;HOMBRE;1
2021;PDI;ESTADISTICA E INVESTIGACION OPERATIVA APLICADAS Y CALIDAD;PROFESOR TITULAR DE UNIVERSIDAD;HOMBRE;8
2021;PDI;ESTADISTICA E INVESTIGACION OPERATIVA APLICADAS Y CALIDAD;PROFESOR TITULAR DE UNIVERSIDAD;MUJER;13
2021;PDI;EXPRESION GRAFICA ARQUITECTONICA;AYUDANTE;HOMBRE;4
2021;PDI;EXPRESION GRAFICA ARQUITECTONICA;AYUDANTE;MUJER;1
2021;PDI;EXPRESION GRAFICA ARQUITECTONICA;CATEDRÁTICO DE ESCUELA UNIVERSITARIA;MUJER;1
2021;PDI;EXPRESION GRAFICA ARQUITECTONICA;CATEDRÁTICO DE UNIVERSIDAD;HOMBRE;3
2021;PDI;EXPRESION GRAFICA ARQUITECTONICA;PROFESOR ASOCIADO;HOMBRE;10
2021;PDI;EXPRESION GRAFICA ARQUITECTONICA;PROFESOR ASOCIADO;MUJER;5
2021;PDI;EXPRESION GRAFICA ARQUITECTONICA;PROFESOR COLABORADOR;HOMBRE;2
2021;PDI;EXPRESION GRAFICA ARQUITECTONICA;PROFESOR CONTRATADO DOCTOR;MUJER;3
2021;PDI;EXPRESION GRAFICA ARQUITECTONICA;PROFESOR TITULAR DE ESCUELA UNIVERSITARIA;HOMBRE;4
2021;PDI;EXPRESION GRAFICA ARQUITECTONICA;PROFESOR TITULAR DE ESCUELA UNIVERSITARIA;MUJER;1
2021;PDI;EXPRESION GRAFICA ARQUITECTONICA;PROFESOR TITULAR DE UNIVERSIDAD;HOMBRE;12
2021;PDI;EXPRESION GRAFICA ARQUITECTONICA;PROFESOR TITULAR DE UNIVERSIDAD;MUJER;5
2021;PDI;FISICA APLICADA;AYUDANTE;HOMBRE;1
2021;PDI;FISICA APLICADA;CATEDRÁTICO DE ESCUELA UNIVERSITARIA;HOMBRE;1
2021;PDI;FISICA APLICADA;CATEDRÁTICO DE ESCUELA UNIVERSITARIA;MUJER;1
2021;PDI;FISICA APLICADA;CATEDRÁTICO DE UNIVERSIDAD;HOMBRE;21
2021;PDI;FISICA APLICADA;CATEDRÁTICO DE UNIVERSIDAD;MUJER;4
2021;PDI;FISICA APLICADA;PROFESOR ASOCIADO;HOMBRE;1
2021;PDI;FISICA APLICADA;PROFESOR ASOCIADO;MUJER;2
2021;PDI;FISICA APLICADA;PROFESOR COLABORADOR;MUJER;2
2021;PDI;FISICA APLICADA;PROFESOR CONTRATADO DOCTOR;HOMBRE;2
2021;PDI;FISICA APLICADA;PROFESOR CONTRATADO DOCTOR;MUJER;3
2021;PDI;FISICA APLICADA;PROFESOR TITULAR DE ESCUELA UNIVERSITARIA;HOMBRE;6
2021;PDI;FISICA APLICADA;PROFESOR TITULAR DE ESCUELA UNIVERSITARIA;MUJER;1
2021;PDI;FISICA APLICADA;PROFESOR TITULAR DE UNIVERSIDAD;HOMBRE;32
2021;PDI;FISICA APLICADA;PROFESOR TITULAR DE UNIVERSIDAD;MUJER;9
2021;PDI;INFORMATICA DE SISTEMAS Y COMPUTADORES;AYUDANTE;HOMBRE;1
2021;PDI;INFORMATICA DE SISTEMAS Y COMPUTADORES;CATEDRÁTICO DE UNIVERSIDAD;HOMBRE;20
2021;PDI;INFORMATICA DE SISTEMAS Y COMPUTADORES;CATEDRÁTICO DE UNIVERSIDAD;MUJER;1
2021;PDI;INFORMATICA DE SISTEMAS Y COMPUTADORES;PROFESOR ASOCIADO;HOMBRE;1
2021;PDI;INFORMATICA DE SISTEMAS Y COMPUTADORES;PROFESOR ASOCIADO;MUJER;2
2021;PDI;INFORMATICA DE SISTEMAS Y COMPUTADORES;PROFESOR CONTRATADO DOCTOR;HOMBRE;8
2021;PDI;INFORMATICA DE SISTEMAS Y COMPUTADORES;PROFESOR TITULAR DE ESCUELA UNIVERSITARIA;HOMBRE;8
2021;PDI;INFORMATICA DE SISTEMAS Y COMPUTADORES;PROFESOR TITULAR DE ESCUELA UNIVERSITARIA;MUJER;1
2021;PDI;INFORMATICA DE SISTEMAS Y COMPUTADORES;PROFESOR TITULAR DE UNIVERSIDAD;HOMBRE;32
2021;PDI;INFORMATICA DE SISTEMAS Y COMPUTADORES;PROFESOR TITULAR DE UNIVERSIDAD;MUJER;10
2021;PDI;INGENIERIA CARTOGRAFICA, GEODESIA Y FOTOGRAMETRIA;CATEDRÁTICO DE ESCUELA UNIVERSITARIA;HOMBRE;1
2021;PDI;INGENIERIA CARTOGRAFICA, GEODESIA Y FOTOGRAMETRIA;CATEDRÁTICO DE UNIVERSIDAD;HOMBRE;6
2021;PDI;INGENIERIA CARTOGRAFICA, GEODESIA Y FOTOGRAMETRIA;CATEDRÁTICO DE UNIVERSIDAD;MUJER;1
2021;PDI;INGENIERIA CARTOGRAFICA, GEODESIA Y FOTOGRAMETRIA;PROFESOR COLABORADOR;HOMBRE;2
2021;PDI;INGENIERIA CARTOGRAFICA, GEODESIA Y FOTOGRAMETRIA;PROFESOR COLABORADOR;MUJER;1
2021;PDI;INGENIERIA CARTOGRAFICA, GEODESIA Y FOTOGRAMETRIA;PROFESOR CONTRATADO DOCTOR;HOMBRE;3
2021;PDI;INGENIERIA CARTOGRAFICA, GEODESIA Y FOTOGRAMETRIA;PROFESOR CONTRATADO DOCTOR;MUJER;2
2021;PDI;INGENIERIA CARTOGRAFICA, GEODESIA Y FOTOGRAMETRIA;PROFESOR TITULAR DE ESCUELA UNIVERSITARIA;HOMBRE;3
2021;PDI;INGENIERIA CARTOGRAFICA, GEODESIA Y FOTOGRAMETRIA;PROFESOR TITULAR DE ESCUELA UNIVERSITARIA;MUJER;1
2021;PDI;INGENIERIA CARTOGRAFICA, GEODESIA Y FOTOGRAMETRIA;PROFESOR TITULAR DE UNIVERSIDAD;HOMBRE;17
2021;PDI;INGENIERIA CARTOGRAFICA, GEODESIA Y FOTOGRAMETRIA;PROFESOR TITULAR DE UNIVERSIDAD;MUJER;5
2021;PDI;INGENIERIA DE LA CONSTRUCCION Y DE  PROYECTOS  DE INGENIERIA CIVIL;AYUDANTE;MUJER;1
2021;PDI;INGENIERIA DE LA CONSTRUCCION Y DE  PROYECTOS  DE INGENIERIA CIVIL;CATEDRÁTICO DE UNIVERSIDAD;HOMBRE;18
2021;PDI;INGENIERIA DE LA CONSTRUCCION Y DE  PROYECTOS  DE INGENIERIA CIVIL;CATEDRÁTICO DE UNIVERSIDAD;MUJER;1
2021;PDI;INGENIERIA DE LA CONSTRUCCION Y DE  PROYECTOS  DE INGENIERIA CIVIL;PROFESOR ASOCIADO;HOMBRE;19
2021;PDI;INGENIERIA DE LA CONSTRUCCION Y DE  PROYECTOS  DE INGENIERIA CIVIL;PROFESOR ASOCIADO;MUJER;4
2021;PDI;INGENIERIA DE LA CONSTRUCCION Y DE  PROYECTOS  DE INGENIERIA CIVIL;PROFESOR CONTRATADO DOCTOR;HOMBRE;1
2021;PDI;INGENIERIA DE LA CONSTRUCCION Y DE  PROYECTOS  DE INGENIERIA CIVIL;PROFESOR CONTRATADO DOCTOR;MUJER;5
2021;PDI;INGENIERIA DE LA CONSTRUCCION Y DE  PROYECTOS  DE INGENIERIA CIVIL;PROFESOR TITULAR DE ESCUELA UNIVERSITARIA;HOMBRE;2
2021;PDI;INGENIERIA DE LA CONSTRUCCION Y DE  PROYECTOS  DE INGENIERIA CIVIL;PROFESOR TITULAR DE UNIVERSIDAD;HOMBRE;6
2021;PDI;INGENIERIA DE LA CONSTRUCCION Y DE  PROYECTOS  DE INGENIERIA CIVIL;PROFESOR TITULAR DE UNIVERSIDAD;MUJER;4
2021;PDI;INGENIERIA DE SISTEMAS Y AUTOMATICA;AYUDANTE;HOMBRE;4
2021;PDI;INGENIERIA DE SISTEMAS Y AUTOMATICA;CATEDRÁTICO DE UNIVERSIDAD;HOMBRE;13
2021;PDI;INGENIERIA DE SISTEMAS Y AUTOMATICA;PROFESOR ASOCIADO;HOMBRE;3
2021;PDI;INGENIERIA DE SISTEMAS Y AUTOMATICA;PROFESOR CONTRATADO DOCTOR;HOMBRE;3
2021;PDI;INGENIERIA DE SISTEMAS Y AUTOMATICA;PROFESOR TITULAR DE ESCUELA UNIVERSITARIA;HOMBRE;2
2021;PDI;INGENIERIA DE SISTEMAS Y AUTOMATICA;PROFESOR TITULAR DE UNIVERSIDAD;HOMBRE;20
2021;PDI;INGENIERIA DE SISTEMAS Y AUTOMATICA;PROFESOR TITULAR DE UNIVERSIDAD;MUJER;2
2021;PDI;INGENIERIA DEL TERRENO;PROFESOR ASOCIADO;HOMBRE;2
2021;PDI;INGENIERIA DEL TERRENO;PROFESOR CONTRATADO DOCTOR;HOMBRE;1
2021;PDI;INGENIERIA DEL TERRENO;PROFESOR TITULAR DE ESCUELA UNIVERSITARIA;HOMBRE;2
2021;PDI;INGENIERIA DEL TERRENO;PROFESOR TITULAR DE ESCUELA UNIVERSITARIA;MUJER;1
2021;PDI;INGENIERIA DEL TERRENO;PROFESOR TITULAR DE UNIVERSIDAD;HOMBRE;3
2021;PDI;INGENIERIA E INFRAESTRUCTURA DE LOS TRANSPORTES;AYUDANTE;HOMBRE;2
2021;PDI;INGENIERIA E INFRAESTRUCTURA DE LOS TRANSPORTES;AYUDANTE;MUJER;1
2021;PDI;INGENIERIA E INFRAESTRUCTURA DE LOS TRANSPORTES;CATEDRÁTICO DE UNIVERSIDAD;HOMBRE;6
2021;PDI;INGENIERIA E INFRAESTRUCTURA DE LOS TRANSPORTES;PROFESOR ASOCIADO;HOMBRE;12
2021;PDI;INGENIERIA E INFRAESTRUCTURA DE LOS TRANSPORTES;PROFESOR ASOCIADO;MUJER;1
2021;PDI;INGENIERIA E INFRAESTRUCTURA DE LOS TRANSPORTES;PROFESOR CONTRATADO DOCTOR;HOMBRE;2
2021;PDI;INGENIERIA E INFRAESTRUCTURA DE LOS TRANSPORTES;PROFESOR CONTRATADO DOCTOR;MUJER;3
2021;PDI;INGENIERIA E INFRAESTRUCTURA DE LOS TRANSPORTES;PROFESOR TITULAR DE UNIVERSIDAD;HOMBRE;3
2021;PDI;INGENIERIA E INFRAESTRUCTURA DE LOS TRANSPORTES;PROFESOR TITULAR DE UNIVERSIDAD;MUJER;1
2021;PDI;INGENIERIA ELECTRICA;AYUDANTE;HOMBRE;3
2021;PDI;INGENIERIA ELECTRICA;CATEDRÁTICO DE ESCUELA UNIVERSITARIA;HOMBRE;4
2021;PDI;INGENIERIA ELECTRICA;CATEDRÁTICO DE UNIVERSIDAD;HOMBRE;5
2021;PDI;INGENIERIA ELECTRICA;CATEDRÁTICO DE UNIVERSIDAD;MUJER;1
2021;PDI;INGENIERIA ELECTRICA;PROFESOR ASOCIADO;HOMBRE;11
2021;PDI;INGENIERIA ELECTRICA;PROFESOR ASOCIADO;MUJER;1
2021;PDI;INGENIERIA ELECTRICA;PROFESOR CONTRATADO DOCTOR;HOMBRE;1
2021;PDI;INGENIERIA ELECTRICA;PROFESOR CONTRATADO DOCTOR;MUJER;3
2021;PDI;INGENIERIA ELECTRICA;PROFESOR EMÉRITO;HOMBRE;1
2021;PDI;INGENIERIA ELECTRICA;PROFESOR TITULAR DE ESCUELA UNIVERSITARIA;HOMBRE;3
2021;PDI;INGENIERIA ELECTRICA;PROFESOR TITULAR DE ESCUELA UNIVERSITARIA;MUJER;1
2021;PDI;INGENIERIA ELECTRICA;PROFESOR TITULAR DE UNIVERSIDAD;HOMBRE;19
2021;PDI;INGENIERIA ELECTRONICA;AYUDANTE;HOMBRE;5
2021;PDI;INGENIERIA ELECTRONICA;AYUDANTE;MUJER;1
2021;PDI;INGENIERIA ELECTRONICA;CATEDRÁTICO DE UNIVERSIDAD;HOMBRE;16
2021;PDI;INGENIERIA ELECTRONICA;PROFESOR ASOCIADO;HOMBRE;11
2021;PDI;INGENIERIA ELECTRONICA;PROFESOR ASOCIADO;MUJER;2
2021;PDI;INGENIERIA ELECTRONICA;PROFESOR CONTRATADO DOCTOR;HOMBRE;1
2021;PDI;INGENIERIA ELECTRONICA;PROFESOR TITULAR DE ESCUELA UNIVERSITARIA;HOMBRE;7
2021;PDI;INGENIERIA ELECTRONICA;PROFESOR TITULAR DE UNIVERSIDAD;HOMBRE;40
2021;PDI;INGENIERIA ELECTRONICA;PROFESOR TITULAR DE UNIVERSIDAD;MUJER;11
2021;PDI;INGENIERÍA GRÁFICA;AYUDANTE;HOMBRE;1
2021;PDI;INGENIERÍA GRÁFICA;AYUDANTE;MUJER;1
2021;PDI;INGENIERÍA GRÁFICA;CATEDRÁTICO DE UNIVERSIDAD;HOMBRE;5
2021;PDI;INGENIERÍA GRÁFICA;CATEDRÁTICO DE UNIVERSIDAD;MUJER;2
2021;PDI;INGENIERÍA GRÁFICA;PROFESOR ASOCIADO;HOMBRE;14
2021;PDI;INGENIERÍA GRÁFICA;PROFESOR ASOCIADO;MUJER;5
2021;PDI;INGENIERÍA GRÁFICA;PROFESOR CONTRATADO DOCTOR;HOMBRE;4
2021;PDI;INGENIERÍA GRÁFICA;PROFESOR CONTRATADO DOCTOR;MUJER;2
2021;PDI;INGENIERÍA GRÁFICA;PROFESOR TITULAR DE ESCUELA UNIVERSITARIA;HOMBRE;7
2021;PDI;INGENIERÍA GRÁFICA;PROFESOR TITULAR DE ESCUELA UNIVERSITARIA;MUJER;1
2021;PDI;INGENIERÍA GRÁFICA;PROFESOR TITULAR DE UNIVERSIDAD;HOMBRE;7
2021;PDI;INGENIERÍA GRÁFICA;PROFESOR TITULAR DE UNIVERSIDAD;MUJER;7
2021;PDI;INGENIERIA HIDRAULICA Y MEDIO AMBIENTE;AYUDANTE;HOMBRE;1
2021;PDI;INGENIERIA HIDRAULICA Y MEDIO AMBIENTE;CATEDRÁTICO DE UNIVERSIDAD;HOMBRE;13
2021;PDI;INGENIERIA HIDRAULICA Y MEDIO AMBIENTE;CATEDRÁTICO DE UNIVERSIDAD;MUJER;1
2021;PDI;INGENIERIA HIDRAULICA Y MEDIO AMBIENTE;PROFESOR ASOCIADO;HOMBRE;20
2021;PDI;INGENIERIA HIDRAULICA Y MEDIO AMBIENTE;PROFESOR ASOCIADO;MUJER;12
2021;PDI;INGENIERIA HIDRAULICA Y MEDIO AMBIENTE;PROFESOR COLABORADOR;HOMBRE;1
2021;PDI;INGENIERIA HIDRAULICA Y MEDIO AMBIENTE;PROFESOR CONTRATADO DOCTOR;HOMBRE;1
2021;PDI;INGENIERIA HIDRAULICA Y MEDIO AMBIENTE;PROFESOR EMÉRITO;HOMBRE;1
2021;PDI;INGENIERIA HIDRAULICA Y MEDIO AMBIENTE;PROFESOR TITULAR DE ESCUELA UNIVERSITARIA;HOMBRE;3
2021;PDI;INGENIERIA HIDRAULICA Y MEDIO AMBIENTE;PROFESOR TITULAR DE ESCUELA UNIVERSITARIA;MUJER;1
2021;PDI;INGENIERIA HIDRAULICA Y MEDIO AMBIENTE;PROFESOR TITULAR DE UNIVERSIDAD;HOMBRE;25
2021;PDI;INGENIERIA HIDRAULICA Y MEDIO AMBIENTE;PROFESOR TITULAR DE UNIVERSIDAD;MUJER;4
2021;PDI;INGENIERIA MECANICA Y DE MATERIALES;AYUDANTE;HOMBRE;4
2021;PDI;INGENIERIA MECANICA Y DE MATERIALES;AYUDANTE;MUJER;2
2021;PDI;INGENIERIA MECANICA Y DE MATERIALES;CATEDRÁTICO DE UNIVERSIDAD;HOMBRE;16
2021;PDI;INGENIERIA MECANICA Y DE MATERIALES;CATEDRÁTICO DE UNIVERSIDAD;MUJER;2
2021;PDI;INGENIERIA MECANICA Y DE MATERIALES;PROFESOR ASOCIADO;HOMBRE;31
2021;PDI;INGENIERIA MECANICA Y DE MATERIALES;PROFESOR ASOCIADO;MUJER;3
2021;PDI;INGENIERIA MECANICA Y DE MATERIALES;PROFESOR COLABORADOR;HOMBRE;1
2021;PDI;INGENIERIA MECANICA Y DE MATERIALES;PROFESOR COLABORADOR;MUJER;2
2021;PDI;INGENIERIA MECANICA Y DE MATERIALES;PROFESOR CONTRATADO DOCTOR;HOMBRE;7
2021;PDI;INGENIERIA MECANICA Y DE MATERIALES;PROFESOR CONTRATADO DOCTOR;MUJER;4
2021;PDI;INGENIERIA MECANICA Y DE MATERIALES;PROFESOR TITULAR DE ESCUELA UNIVERSITARIA;HOMBRE;3
2021;PDI;INGENIERIA MECANICA Y DE MATERIALES;PROFESOR TITULAR DE ESCUELA UNIVERSITARIA;MUJER;2
2021;PDI;INGENIERIA MECANICA Y DE MATERIALES;PROFESOR TITULAR DE UNIVERSIDAD;HOMBRE;32
2021;PDI;INGENIERIA MECANICA Y DE MATERIALES;PROFESOR TITULAR DE UNIVERSIDAD;MUJER;4
2021;PDI;INGENIERIA QUIMICA Y NUCLEAR;AYUDANTE;HOMBRE;2
2021;PDI;INGENIERIA QUIMICA Y NUCLEAR;AYUDANTE;MUJER;2
2021;PDI;INGENIERIA QUIMICA Y NUCLEAR;CATEDRÁTICO DE ESCUELA UNIVERSITARIA;HOMBRE;1
2021;PDI;INGENIERIA QUIMICA Y NUCLEAR;CATEDRÁTICO DE UNIVERSIDAD;HOMBRE;12
2021;PDI;INGENIERIA QUIMICA Y NUCLEAR;CATEDRÁTICO DE UNIVERSIDAD;MUJER;4
2021;PDI;INGENIERIA QUIMICA Y NUCLEAR;PROFESOR ASOCIADO;HOMBRE;5
2021;PDI;INGENIERIA QUIMICA Y NUCLEAR;PROFESOR ASOCIADO;MUJER;9
2021;PDI;INGENIERIA QUIMICA Y NUCLEAR;PROFESOR COLABORADOR;MUJER;1
2021;PDI;INGENIERIA QUIMICA Y NUCLEAR;PROFESOR CONTRATADO DOCTOR;HOMBRE;1
2021;PDI;INGENIERIA QUIMICA Y NUCLEAR;PROFESOR EMÉRITO;HOMBRE;2
2021;PDI;INGENIERIA QUIMICA Y NUCLEAR;PROFESOR TITULAR DE UNIVERSIDAD;HOMBRE;7
2021;PDI;INGENIERIA QUIMICA Y NUCLEAR;PROFESOR TITULAR DE UNIVERSIDAD;MUJER;15
2021;PDI;INGENIERIA RURAL Y AGROALIMENTARIA;CATEDRÁTICO DE ESCUELA UNIVERSITARIA;HOMBRE;1
2021;PDI;INGENIERIA RURAL Y AGROALIMENTARIA;CATEDRÁTICO DE UNIVERSIDAD;HOMBRE;4
2021;PDI;INGENIERIA RURAL Y AGROALIMENTARIA;PROFESOR COLABORADOR;HOMBRE;2
2021;PDI;INGENIERIA RURAL Y AGROALIMENTARIA;PROFESOR CONTRATADO DOCTOR;HOMBRE;1
2021;PDI;INGENIERIA RURAL Y AGROALIMENTARIA;PROFESOR CONTRATADO DOCTOR;MUJER;2
2021;PDI;INGENIERIA RURAL Y AGROALIMENTARIA;PROFESOR TITULAR DE ESCUELA UNIVERSITARIA;HOMBRE;5
2021;PDI;INGENIERIA RURAL Y AGROALIMENTARIA;PROFESOR TITULAR DE UNIVERSIDAD;HOMBRE;10
2021;PDI;INGENIERIA RURAL Y AGROALIMENTARIA;PROFESOR TITULAR DE UNIVERSIDAD;MUJER;2
2021;PDI;INGENIERIA TEXTIL Y PAPELERA;AYUDANTE;HOMBRE;1
2021;PDI;INGENIERIA TEXTIL Y PAPELERA;AYUDANTE;MUJER;1
2021;PDI;INGENIERIA TEXTIL Y PAPELERA;CATEDRÁTICO DE UNIVERSIDAD;HOMBRE;2
2021;PDI;INGENIERIA TEXTIL Y PAPELERA;CATEDRÁTICO DE UNIVERSIDAD;MUJER;1
2021;PDI;INGENIERIA TEXTIL Y PAPELERA;PROFESOR ASOCIADO;HOMBRE;3
2021;PDI;INGENIERIA TEXTIL Y PAPELERA;PROFESOR ASOCIADO;MUJER;1
2021;PDI;INGENIERIA TEXTIL Y PAPELERA;PROFESOR CONTRATADO DOCTOR;HOMBRE;2
2021;PDI;INGENIERIA TEXTIL Y PAPELERA;PROFESOR CONTRATADO DOCTOR;MUJER;1
2021;PDI;INGENIERIA TEXTIL Y PAPELERA;PROFESOR TITULAR DE UNIVERSIDAD;HOMBRE;6
2021;PDI;INGENIERIA TEXTIL Y PAPELERA;PROFESOR TITULAR DE UNIVERSIDAD;MUJER;2
2021;PDI;LINGÜISTICA APLICADA;AYUDANTE;HOMBRE;1
2021;PDI;LINGÜISTICA APLICADA;AYUDANTE;MUJER;7
2021;PDI;LINGÜISTICA APLICADA;CATEDRÁTICO DE UNIVERSIDAD;MUJER;2
2021;PDI;LINGÜISTICA APLICADA;PROFESOR ASOCIADO;HOMBRE;9
2021;PDI;LINGÜISTICA APLICADA;PROFESOR ASOCIADO;MUJER;20
2021;PDI;LINGÜISTICA APLICADA;PROFESOR COLABORADOR;HOMBRE;1
2021;PDI;LINGÜISTICA APLICADA;PROFESOR COLABORADOR;MUJER;2
2021;PDI;LINGÜISTICA APLICADA;PROFESOR CONTRATADO DOCTOR;HOMBRE;1
2021;PDI;LINGÜISTICA APLICADA;PROFESOR CONTRATADO DOCTOR;MUJER;7
2021;PDI;LINGÜISTICA APLICADA;PROFESOR TITULAR DE ESCUELA UNIVERSITARIA;MUJER;6
2021;PDI;LINGÜISTICA APLICADA;PROFESOR TITULAR DE UNIVERSIDAD;HOMBRE;5
2021;PDI;LINGÜISTICA APLICADA;PROFESOR TITULAR DE UNIVERSIDAD;MUJER;18
2021;PDI;MAQUINAS Y MOTORES TERMICOS;AYUDANTE;HOMBRE;6
2021;PDI;MAQUINAS Y MOTORES TERMICOS;CATEDRÁTICO DE UNIVERSIDAD;HOMBRE;22
2021;PDI;MAQUINAS Y MOTORES TERMICOS;CATEDRÁTICO DE UNIVERSIDAD;MUJER;1
2021;PDI;MAQUINAS Y MOTORES TERMICOS;PROFESOR ASOCIADO;HOMBRE;4
2021;PDI;MAQUINAS Y MOTORES TERMICOS;PROFESOR ASOCIADO;MUJER;1
2021;PDI;MAQUINAS Y MOTORES TERMICOS;PROFESOR COLABORADOR;HOMBRE;1
2021;PDI;MAQUINAS Y MOTORES TERMICOS;PROFESOR CONTRATADO DOCTOR;HOMBRE;4
2021;PDI;MAQUINAS Y MOTORES TERMICOS;PROFESOR CONTRATADO DOCTOR;MUJER;2
2021;PDI;MAQUINAS Y MOTORES TERMICOS;PROFESOR TITULAR DE UNIVERSIDAD;HOMBRE;15
2021;PDI;MAQUINAS Y MOTORES TERMICOS;PROFESOR TITULAR DE UNIVERSIDAD;MUJER;1
2021;PDI;MATEMATICA APLICADA;AYUDANTE;HOMBRE;1
2021;PDI;MATEMATICA APLICADA;AYUDANTE;MUJER;1
2021;PDI;MATEMATICA APLICADA;CATEDRÁTICO DE ESCUELA UNIVERSITARIA;HOMBRE;6
2021;PDI;MATEMATICA APLICADA;CATEDRÁTICO DE ESCUELA UNIVERSITARIA;MUJER;1
2021;PDI;MATEMATICA APLICADA;CATEDRÁTICO DE UNIVERSIDAD;HOMBRE;26
2021;PDI;MATEMATICA APLICADA;CATEDRÁTICO DE UNIVERSIDAD;MUJER;7
2021;PDI;MATEMATICA APLICADA;PROFESOR ASOCIADO;MUJER;2
2021;PDI;MATEMATICA APLICADA;PROFESOR CONTRATADO DOCTOR;HOMBRE;3
2021;PDI;MATEMATICA APLICADA;PROFESOR CONTRATADO DOCTOR;MUJER;3
2021;PDI;MATEMATICA APLICADA;PROFESOR EMÉRITO;HOMBRE;2
2021;PDI;MATEMATICA APLICADA;PROFESOR TITULAR DE ESCUELA UNIVERSITARIA;HOMBRE;1
2021;PDI;MATEMATICA APLICADA;PROFESOR TITULAR DE ESCUELA UNIVERSITARIA;MUJER;1
2021;PDI;MATEMATICA APLICADA;PROFESOR TITULAR DE UNIVERSIDAD;HOMBRE;28
2021;PDI;MATEMATICA APLICADA;PROFESOR TITULAR DE UNIVERSIDAD;MUJER;33
2021;PDI;MECANICA DE LOS MEDIOS CONTINUOS Y TEORIA DE ESTRUCTURAS;AYUDANTE;HOMBRE;1
2021;PDI;MECANICA DE LOS MEDIOS CONTINUOS Y TEORIA DE ESTRUCTURAS;CATEDRÁTICO DE UNIVERSIDAD;HOMBRE;4
2021;PDI;MECANICA DE LOS MEDIOS CONTINUOS Y TEORIA DE ESTRUCTURAS;PROFESOR ASOCIADO;HOMBRE;10
2021;PDI;MECANICA DE LOS MEDIOS CONTINUOS Y TEORIA DE ESTRUCTURAS;PROFESOR ASOCIADO;MUJER;6
2021;PDI;MECANICA DE LOS MEDIOS CONTINUOS Y TEORIA DE ESTRUCTURAS;PROFESOR CONTRATADO DOCTOR;HOMBRE;3
2021;PDI;MECANICA DE LOS MEDIOS CONTINUOS Y TEORIA DE ESTRUCTURAS;PROFESOR CONTRATADO DOCTOR;MUJER;2
2021;PDI;MECANICA DE LOS MEDIOS CONTINUOS Y TEORIA DE ESTRUCTURAS;PROFESOR TITULAR DE ESCUELA UNIVERSITARIA;HOMBRE;4
2021;PDI;MECANICA DE LOS MEDIOS CONTINUOS Y TEORIA DE ESTRUCTURAS;PROFESOR TITULAR DE ESCUELA UNIVERSITARIA;MUJER;1
2021;PDI;MECANICA DE LOS MEDIOS CONTINUOS Y TEORIA DE ESTRUCTURAS;PROFESOR TITULAR DE UNIVERSIDAD;HOMBRE;19
2021;PDI;MECANICA DE LOS MEDIOS CONTINUOS Y TEORIA DE ESTRUCTURAS;PROFESOR TITULAR DE UNIVERSIDAD;MUJER;5
2021;PDI;ORGANIZACIÓN DE EMPRESAS;AYUDANTE;HOMBRE;4
2021;PDI;ORGANIZACIÓN DE EMPRESAS;AYUDANTE;MUJER;6
2021;PDI;ORGANIZACIÓN DE EMPRESAS;CATEDRÁTICO DE UNIVERSIDAD;HOMBRE;15
2021;PDI;ORGANIZACIÓN DE EMPRESAS;CATEDRÁTICO DE UNIVERSIDAD;MUJER;8
2021;PDI;ORGANIZACIÓN DE EMPRESAS;PROFESOR ASOCIADO;HOMBRE;41
2021;PDI;ORGANIZACIÓN DE EMPRESAS;PROFESOR ASOCIADO;MUJER;15
2021;PDI;ORGANIZACIÓN DE EMPRESAS;PROFESOR COLABORADOR;HOMBRE;3
2021;PDI;ORGANIZACIÓN DE EMPRESAS;PROFESOR COLABORADOR;MUJER;1
2021;PDI;ORGANIZACIÓN DE EMPRESAS;PROFESOR CONTRATADO DOCTOR;HOMBRE;1
2021;PDI;ORGANIZACIÓN DE EMPRESAS;PROFESOR CONTRATADO DOCTOR;MUJER;7
2021;PDI;ORGANIZACIÓN DE EMPRESAS;PROFESOR TITULAR DE ESCUELA UNIVERSITARIA;HOMBRE;5
2021;PDI;ORGANIZACIÓN DE EMPRESAS;PROFESOR TITULAR DE ESCUELA UNIVERSITARIA;MUJER;2
2021;PDI;ORGANIZACIÓN DE EMPRESAS;PROFESOR TITULAR DE UNIVERSIDAD;HOMBRE;21
2021;PDI;ORGANIZACIÓN DE EMPRESAS;PROFESOR TITULAR DE UNIVERSIDAD;MUJER;10
2021;PDI;PINTURA;AYUDANTE;HOMBRE;1
2021;PDI;PINTURA;AYUDANTE;MUJER;1
2021;PDI;PINTURA;CATEDRÁTICO DE UNIVERSIDAD;HOMBRE;2
2021;PDI;PINTURA;PROFESOR ASOCIADO;HOMBRE;4
2021;PDI;PINTURA;PROFESOR ASOCIADO;MUJER;5
2021;PDI;PINTURA;PROFESOR CONTRATADO DOCTOR;HOMBRE;2
2021;PDI;PINTURA;PROFESOR CONTRATADO DOCTOR;MUJER;1
2021;PDI;PINTURA;PROFESOR TITULAR DE ESCUELA UNIVERSITARIA;HOMBRE;1
2021;PDI;PINTURA;PROFESOR TITULAR DE UNIVERSIDAD;HOMBRE;22
2021;PDI;PINTURA;PROFESOR TITULAR DE UNIVERSIDAD;MUJER;8
2021;PDI;PRODUCCION VEGETAL;CATEDRÁTICO DE ESCUELA UNIVERSITARIA;HOMBRE;1
2021;PDI;PRODUCCION VEGETAL;CATEDRÁTICO DE ESCUELA UNIVERSITARIA;MUJER;2
2021;PDI;PRODUCCION VEGETAL;CATEDRÁTICO DE UNIVERSIDAD;HOMBRE;3
2021;PDI;PRODUCCION VEGETAL;PROFESOR COLABORADOR;MUJER;1
2021;PDI;PRODUCCION VEGETAL;PROFESOR CONTRATADO DOCTOR;HOMBRE;3
2021;PDI;PRODUCCION VEGETAL;PROFESOR EMÉRITO;HOMBRE;2
2021;PDI;PRODUCCION VEGETAL;PROFESOR TITULAR DE UNIVERSIDAD;HOMBRE;8
2021;PDI;PRODUCCION VEGETAL;PROFESOR TITULAR DE UNIVERSIDAD;MUJER;6
2021;PDI;PROYECTOS ARQUITECTONICOS;CATEDRÁTICO DE UNIVERSIDAD;HOMBRE;2
2021;PDI;PROYECTOS ARQUITECTONICOS;PROFESOR ASOCIADO;HOMBRE;39
2021;PDI;PROYECTOS ARQUITECTONICOS;PROFESOR ASOCIADO;MUJER;7
2021;PDI;PROYECTOS ARQUITECTONICOS;PROFESOR COLABORADOR;MUJER;2
2021;PDI;PROYECTOS ARQUITECTONICOS;PROFESOR CONTRATADO DOCTOR;HOMBRE;7
2021;PDI;PROYECTOS ARQUITECTONICOS;PROFESOR CONTRATADO DOCTOR;MUJER;3
2021;PDI;PROYECTOS ARQUITECTONICOS;PROFESOR EMÉRITO;HOMBRE;1
2021;PDI;PROYECTOS ARQUITECTONICOS;PROFESOR TITULAR DE ESCUELA UNIVERSITARIA;HOMBRE;2
2021;PDI;PROYECTOS ARQUITECTONICOS;PROFESOR TITULAR DE UNIVERSIDAD;HOMBRE;11
2021;PDI;PROYECTOS ARQUITECTONICOS;PROFESOR TITULAR DE UNIVERSIDAD;MUJER;5
2021;PDI;PROYECTOS DE INGENIERIA;AYUDANTE;HOMBRE;2
2021;PDI;PROYECTOS DE INGENIERIA;AYUDANTE;MUJER;2
2021;PDI;PROYECTOS DE INGENIERIA;CATEDRÁTICO DE UNIVERSIDAD;HOMBRE;2
2021;PDI;PROYECTOS DE INGENIERIA;CATEDRÁTICO DE UNIVERSIDAD;MUJER;2
2021;PDI;PROYECTOS DE INGENIERIA;PROFESOR ASOCIADO;HOMBRE;4
2021;PDI;PROYECTOS DE INGENIERIA;PROFESOR ASOCIADO;MUJER;2
2021;PDI;PROYECTOS DE INGENIERIA;PROFESOR CONTRATADO DOCTOR;HOMBRE;2
2021;PDI;PROYECTOS DE INGENIERIA;PROFESOR CONTRATADO DOCTOR;MUJER;5
2021;PDI;PROYECTOS DE INGENIERIA;PROFESOR TITULAR DE ESCUELA UNIVERSITARIA;HOMBRE;1
2021;PDI;PROYECTOS DE INGENIERIA;PROFESOR TITULAR DE ESCUELA UNIVERSITARIA;MUJER;2
2021;PDI;PROYECTOS DE INGENIERIA;PROFESOR TITULAR DE UNIVERSIDAD;HOMBRE;15
2021;PDI;PROYECTOS DE INGENIERIA;PROFESOR TITULAR DE UNIVERSIDAD;MUJER;3
2021;PDI;QUIMICA;AYUDANTE;HOMBRE;1
2021;PDI;QUIMICA;AYUDANTE;MUJER;1
2021;PDI;QUIMICA;CATEDRÁTICO DE ESCUELA UNIVERSITARIA;HOMBRE;3
2021;PDI;QUIMICA;CATEDRÁTICO DE ESCUELA UNIVERSITARIA;MUJER;2
2021;PDI;QUIMICA;CATEDRÁTICO DE UNIVERSIDAD;HOMBRE;4
2021;PDI;QUIMICA;CATEDRÁTICO DE UNIVERSIDAD;MUJER;7
2021;PDI;QUIMICA;PROFESOR CONTRATADO DOCTOR;HOMBRE;2
2021;PDI;QUIMICA;PROFESOR CONTRATADO DOCTOR;MUJER;2
2021;PDI;QUIMICA;PROFESOR EMÉRITO;HOMBRE;2
2021;PDI;QUIMICA;PROFESOR TITULAR DE UNIVERSIDAD;HOMBRE;7
2021;PDI;QUIMICA;PROFESOR TITULAR DE UNIVERSIDAD;MUJER;11
2021;PDI;SISTEMAS INFORMATICOS Y COMPUTACION;AYUDANTE;HOMBRE;2
2021;PDI;SISTEMAS INFORMATICOS Y COMPUTACION;AYUDANTE;MUJER;1
2021;PDI;SISTEMAS INFORMATICOS Y COMPUTACION;CATEDRÁTICO DE UNIVERSIDAD;HOMBRE;25
2021;PDI;SISTEMAS INFORMATICOS Y COMPUTACION;CATEDRÁTICO DE UNIVERSIDAD;MUJER;7
2021;PDI;SISTEMAS INFORMATICOS Y COMPUTACION;PROFESOR ASOCIADO;HOMBRE;13
2021;PDI;SISTEMAS INFORMATICOS Y COMPUTACION;PROFESOR ASOCIADO;MUJER;1
2021;PDI;SISTEMAS INFORMATICOS Y COMPUTACION;PROFESOR COLABORADOR;HOMBRE;2
2021;PDI;SISTEMAS INFORMATICOS Y COMPUTACION;PROFESOR CONTRATADO DOCTOR;HOMBRE;8
2021;PDI;SISTEMAS INFORMATICOS Y COMPUTACION;PROFESOR CONTRATADO DOCTOR;MUJER;4
2021;PDI;SISTEMAS INFORMATICOS Y COMPUTACION;PROFESOR EMÉRITO;HOMBRE;1
2021;PDI;SISTEMAS INFORMATICOS Y COMPUTACION;PROFESOR TITULAR DE ESCUELA UNIVERSITARIA;HOMBRE;8
2021;PDI;SISTEMAS INFORMATICOS Y COMPUTACION;PROFESOR TITULAR DE ESCUELA UNIVERSITARIA;MUJER;1
2021;PDI;SISTEMAS INFORMATICOS Y COMPUTACION;PROFESOR TITULAR DE UNIVERSIDAD;HOMBRE;51
2021;PDI;SISTEMAS INFORMATICOS Y COMPUTACION;PROFESOR TITULAR DE UNIVERSIDAD;MUJER;11
2021;PDI;TECNOLOGIA DE ALIMENTOS;CATEDRÁTICO DE UNIVERSIDAD;HOMBRE;8
2021;PDI;TECNOLOGIA DE ALIMENTOS;CATEDRÁTICO DE UNIVERSIDAD;MUJER;12
2021;PDI;TECNOLOGIA DE ALIMENTOS;PROFESOR ASOCIADO;HOMBRE;3
2021;PDI;TECNOLOGIA DE ALIMENTOS;PROFESOR EMÉRITO;HOMBRE;2
2021;PDI;TECNOLOGIA DE ALIMENTOS;PROFESOR TITULAR DE UNIVERSIDAD;HOMBRE;5
2021;PDI;TECNOLOGIA DE ALIMENTOS;PROFESOR TITULAR DE UNIVERSIDAD;MUJER;21
2021;PDI;TERMODINAMICA APLICADA;AYUDANTE;HOMBRE;3
2021;PDI;TERMODINAMICA APLICADA;CATEDRÁTICO DE UNIVERSIDAD;HOMBRE;6
2021;PDI;TERMODINAMICA APLICADA;CATEDRÁTICO DE UNIVERSIDAD;MUJER;3
2021;PDI;TERMODINAMICA APLICADA;PROFESOR ASOCIADO;HOMBRE;4
2021;PDI;TERMODINAMICA APLICADA;PROFESOR ASOCIADO;MUJER;4
2021;PDI;TERMODINAMICA APLICADA;PROFESOR CONTRATADO DOCTOR;HOMBRE;2
2021;PDI;TERMODINAMICA APLICADA;PROFESOR CONTRATADO DOCTOR;MUJER;1
2021;PDI;TERMODINAMICA APLICADA;PROFESOR TITULAR DE UNIVERSIDAD;HOMBRE;7
2021;PDI;TERMODINAMICA APLICADA;PROFESOR TITULAR DE UNIVERSIDAD;MUJER;1
2021;PDI;URBANISMO;AYUDANTE;HOMBRE;2
2021;PDI;URBANISMO;AYUDANTE;MUJER;2
2021;PDI;URBANISMO;PROFESOR ASOCIADO;HOMBRE;21
2021;PDI;URBANISMO;PROFESOR ASOCIADO;MUJER;13
2021;PDI;URBANISMO;PROFESOR CONTRATADO DOCTOR;HOMBRE;3
2021;PDI;URBANISMO;PROFESOR CONTRATADO DOCTOR;MUJER;1
2021;PDI;URBANISMO;PROFESOR TITULAR DE ESCUELA UNIVERSITARIA;HOMBRE;2
2021;PDI;URBANISMO;PROFESOR TITULAR DE ESCUELA UNIVERSITARIA;MUJER;1
2021;PDI;URBANISMO;PROFESOR TITULAR DE UNIVERSIDAD;HOMBRE;9
2021;PDI;URBANISMO;PROFESOR TITULAR DE UNIVERSIDAD;MUJER;4
2022;PDI;BIOTECNOLOGIA;AYUDANTE;HOMBRE;1
2022;PDI;BIOTECNOLOGIA;AYUDANTE;MUJER;3
2022;PDI;BIOTECNOLOGIA;CATEDRÁTICO DE UNIVERSIDAD;HOMBRE;11
2022;PDI;BIOTECNOLOGIA;CATEDRÁTICO DE UNIVERSIDAD;MUJER;6
2022;PDI;BIOTECNOLOGIA;PROFESOR ASOCIADO;HOMBRE;2
2022;PDI;BIOTECNOLOGIA;PROFESOR ASOCIADO;MUJER;5
2022;PDI;BIOTECNOLOGIA;PROFESOR CONTRATADO DOCTOR;HOMBRE;3
2022;PDI;BIOTECNOLOGIA;PROFESOR CONTRATADO DOCTOR;MUJER;2
2022;PDI;BIOTECNOLOGIA;PROFESOR EMÉRITO;HOMBRE;1
2022;PDI;BIOTECNOLOGIA;PROFESOR TITULAR DE UNIVERSIDAD;HOMBRE;11
2022;PDI;BIOTECNOLOGIA;PROFESOR TITULAR DE UNIVERSIDAD;MUJER;13
2022;PDI;CIENCIA ANIMAL;CATEDRÁTICO DE ESCUELA UNIVERSITARIA;HOMBRE;1
2022;PDI;CIENCIA ANIMAL;CATEDRÁTICO DE UNIVERSIDAD;HOMBRE;10
2022;PDI;CIENCIA ANIMAL;CATEDRÁTICO DE UNIVERSIDAD;MUJER;5
2022;PDI;CIENCIA ANIMAL;PROFESOR ASOCIADO;HOMBRE;2
2022;PDI;CIENCIA ANIMAL;PROFESOR TITULAR DE UNIVERSIDAD;HOMBRE;5
2022;PDI;CIENCIA ANIMAL;PROFESOR TITULAR DE UNIVERSIDAD;MUJER;3
2022;PDI;COMPOSICION ARQUITECTONICA;AYUDANTE;HOMBRE;1
2022;PDI;COMPOSICION ARQUITECTONICA;CATEDRÁTICO DE UNIVERSIDAD;HOMBRE;2
2022;PDI;COMPOSICION ARQUITECTONICA;CATEDRÁTICO DE UNIVERSIDAD;MUJER;1
2022;PDI;COMPOSICION ARQUITECTONICA;PROFESOR ASOCIADO;HOMBRE;5
2022;PDI;COMPOSICION ARQUITECTONICA;PROFESOR ASOCIADO;MUJER;4
2022;PDI;COMPOSICION ARQUITECTONICA;PROFESOR CONTRATADO DOCTOR;HOMBRE;3
2022;PDI;COMPOSICION ARQUITECTONICA;PROFESOR TITULAR DE UNIVERSIDAD;HOMBRE;6
2022;PDI;COMPOSICION ARQUITECTONICA;PROFESOR TITULAR DE UNIVERSIDAD;MUJER;3
2022;PDI;COMUNICACION AUDIOVISUAL, DOCUMENTACION E HISTORIA DEL ARTE;AYUDANTE;HOMBRE;2
2022;PDI;COMUNICACION AUDIOVISUAL, DOCUMENTACION E HISTORIA DEL ARTE;AYUDANTE;MUJER;1
2022;PDI;COMUNICACION AUDIOVISUAL, DOCUMENTACION E HISTORIA DEL ARTE;CATEDRÁTICO DE UNIVERSIDAD;HOMBRE;6
2022;PDI;COMUNICACION AUDIOVISUAL, DOCUMENTACION E HISTORIA DEL ARTE;CATEDRÁTICO DE UNIVERSIDAD;MUJER;4
2022;PDI;COMUNICACION AUDIOVISUAL, DOCUMENTACION E HISTORIA DEL ARTE;PROFESOR ASOCIADO;HOMBRE;9
2022;PDI;COMUNICACION AUDIOVISUAL, DOCUMENTACION E HISTORIA DEL ARTE;PROFESOR ASOCIADO;MUJER;3
2022;PDI;COMUNICACION AUDIOVISUAL, DOCUMENTACION E HISTORIA DEL ARTE;PROFESOR COLABORADOR;HOMBRE;1
2022;PDI;COMUNICACION AUDIOVISUAL, DOCUMENTACION E HISTORIA DEL ARTE;PROFESOR COLABORADOR;MUJER;1
2022;PDI;COMUNICACION AUDIOVISUAL, DOCUMENTACION E HISTORIA DEL ARTE;PROFESOR CONTRATADO DOCTOR;HOMBRE;5
2022;PDI;COMUNICACION AUDIOVISUAL, DOCUMENTACION E HISTORIA DEL ARTE;PROFESOR CONTRATADO DOCTOR;MUJER;5
2022;PDI;COMUNICACION AUDIOVISUAL, DOCUMENTACION E HISTORIA DEL ARTE;PROFESOR TITULAR DE ESCUELA UNIVERSITARIA;MUJER;2
2022;PDI;COMUNICACION AUDIOVISUAL, DOCUMENTACION E HISTORIA DEL ARTE;PROFESOR TITULAR DE UNIVERSIDAD;HOMBRE;14
2022;PDI;COMUNICACION AUDIOVISUAL, DOCUMENTACION E HISTORIA DEL ARTE;PROFESOR TITULAR DE UNIVERSIDAD;MUJER;4
2022;PDI;COMUNICACIONES;AYUDANTE;HOMBRE;3
2022;PDI;COMUNICACIONES;AYUDANTE;MUJER;1
2022;PDI;COMUNICACIONES;CATEDRÁTICO DE UNIVERSIDAD;HOMBRE;42
2022;PDI;COMUNICACIONES;CATEDRÁTICO DE UNIVERSIDAD;MUJER;5
2022;PDI;COMUNICACIONES;PROFESOR ASOCIADO;HOMBRE;2
2022;PDI;COMUNICACIONES;PROFESOR COLABORADOR;HOMBRE;2
2022;PDI;COMUNICACIONES;PROFESOR CONTRATADO DOCTOR;MUJER;1
2022;PDI;COMUNICACIONES;PROFESOR EMÉRITO;HOMBRE;2
2022;PDI;COMUNICACIONES;PROFESOR TITULAR DE ESCUELA UNIVERSITARIA;HOMBRE;3
2022;PDI;COMUNICACIONES;PROFESOR TITULAR DE ESCUELA UNIVERSITARIA;MUJER;2
2022;PDI;COMUNICACIONES;PROFESOR TITULAR DE UNIVERSIDAD;HOMBRE;27
2022;PDI;COMUNICACIONES;PROFESOR TITULAR DE UNIVERSIDAD;MUJER;5
2022;PDI;CONSERVACION Y RESTAURACION DE BIENES CULTURALES;CATEDRÁTICO DE UNIVERSIDAD;HOMBRE;3
2022;PDI;CONSERVACION Y RESTAURACION DE BIENES CULTURALES;CATEDRÁTICO DE UNIVERSIDAD;MUJER;5
2022;PDI;CONSERVACION Y RESTAURACION DE BIENES CULTURALES;PROFESOR ASOCIADO;MUJER;5
2022;PDI;CONSERVACION Y RESTAURACION DE BIENES CULTURALES;PROFESOR CONTRATADO DOCTOR;HOMBRE;2
2022;PDI;CONSERVACION Y RESTAURACION DE BIENES CULTURALES;PROFESOR CONTRATADO DOCTOR;MUJER;2
2022;PDI;CONSERVACION Y RESTAURACION DE BIENES CULTURALES;PROFESOR EMÉRITO;MUJER;1
2022;PDI;CONSERVACION Y RESTAURACION DE BIENES CULTURALES;PROFESOR TITULAR DE UNIVERSIDAD;HOMBRE;4
2022;PDI;CONSERVACION Y RESTAURACION DE BIENES CULTURALES;PROFESOR TITULAR DE UNIVERSIDAD;MUJER;14
2022;PDI;CONSTRUCCIONES ARQUITECTONICAS;AYUDANTE;MUJER;1
2022;PDI;CONSTRUCCIONES ARQUITECTONICAS;CATEDRÁTICO DE UNIVERSIDAD;HOMBRE;3
2022;PDI;CONSTRUCCIONES ARQUITECTONICAS;PROFESOR ASOCIADO;HOMBRE;11
2022;PDI;CONSTRUCCIONES ARQUITECTONICAS;PROFESOR ASOCIADO;MUJER;8
2022;PDI;CONSTRUCCIONES ARQUITECTONICAS;PROFESOR COLABORADOR;HOMBRE;2
2022;PDI;CONSTRUCCIONES ARQUITECTONICAS;PROFESOR COLABORADOR;MUJER;4
2022;PDI;CONSTRUCCIONES ARQUITECTONICAS;PROFESOR CONTRATADO DOCTOR;HOMBRE;5
2022;PDI;CONSTRUCCIONES ARQUITECTONICAS;PROFESOR CONTRATADO DOCTOR;MUJER;3
2022;PDI;CONSTRUCCIONES ARQUITECTONICAS;PROFESOR TITULAR DE ESCUELA UNIVERSITARIA;HOMBRE;4
2022;PDI;CONSTRUCCIONES ARQUITECTONICAS;PROFESOR TITULAR DE ESCUELA UNIVERSITARIA;MUJER;4
2022;PDI;CONSTRUCCIONES ARQUITECTONICAS;PROFESOR TITULAR DE UNIVERSIDAD;HOMBRE;11
2022;PDI;CONSTRUCCIONES ARQUITECTONICAS;PROFESOR TITULAR DE UNIVERSIDAD;MUJER;2
2022;PDI;DIBUJO;AYUDANTE;HOMBRE;6
2022;PDI;DIBUJO;AYUDANTE;MUJER;1
2022;PDI;DIBUJO;CATEDRÁTICO DE UNIVERSIDAD;HOMBRE;1
2022;PDI;DIBUJO;CATEDRÁTICO DE UNIVERSIDAD;MUJER;1
2022;PDI;DIBUJO;PROFESOR ASOCIADO;HOMBRE;16
2022;PDI;DIBUJO;PROFESOR ASOCIADO;MUJER;12
2022;PDI;DIBUJO;PROFESOR COLABORADOR;MUJER;1
2022;PDI;DIBUJO;PROFESOR CONTRATADO DOCTOR;HOMBRE;3
2022;PDI;DIBUJO;PROFESOR CONTRATADO DOCTOR;MUJER;6
2022;PDI;DIBUJO;PROFESOR EMÉRITO;MUJER;1
2022;PDI;DIBUJO;PROFESOR TITULAR DE UNIVERSIDAD;HOMBRE;12
2022;PDI;DIBUJO;PROFESOR TITULAR DE UNIVERSIDAD;MUJER;11
2022;PDI;ECONOMIA Y CIENCIAS SOCIALES;AYUDANTE;HOMBRE;5
2022;PDI;ECONOMIA Y CIENCIAS SOCIALES;AYUDANTE;MUJER;5
2022;PDI;ECONOMIA Y CIENCIAS SOCIALES;CATEDRÁTICO DE UNIVERSIDAD;HOMBRE;11
2022;PDI;ECONOMIA Y CIENCIAS SOCIALES;CATEDRÁTICO DE UNIVERSIDAD;MUJER;1
2022;PDI;ECONOMIA Y CIENCIAS SOCIALES;PROFESOR ASOCIADO;HOMBRE;28
2022;PDI;ECONOMIA Y CIENCIAS SOCIALES;PROFESOR ASOCIADO;MUJER;23
2022;PDI;ECONOMIA Y CIENCIAS SOCIALES;PROFESOR COLABORADOR;MUJER;1
2022;PDI;ECONOMIA Y CIENCIAS SOCIALES;PROFESOR CONTRATADO DOCTOR;HOMBRE;8
2022;PDI;ECONOMIA Y CIENCIAS SOCIALES;PROFESOR CONTRATADO DOCTOR;MUJER;6
2022;PDI;ECONOMIA Y CIENCIAS SOCIALES;PROFESOR EMÉRITO;HOMBRE;1
2022;PDI;ECONOMIA Y CIENCIAS SOCIALES;PROFESOR TITULAR DE UNIVERSIDAD;HOMBRE;13
2022;PDI;ECONOMIA Y CIENCIAS SOCIALES;PROFESOR TITULAR DE UNIVERSIDAD;MUJER;18
2022;PDI;ECOSISTEMAS AGROFORESTALES;AYUDANTE;MUJER;1
2022;PDI;ECOSISTEMAS AGROFORESTALES;CATEDRÁTICO DE UNIVERSIDAD;HOMBRE;1
2022;PDI;ECOSISTEMAS AGROFORESTALES;CATEDRÁTICO DE UNIVERSIDAD;MUJER;2
2022;PDI;ECOSISTEMAS AGROFORESTALES;PROFESOR ASOCIADO;MUJER;2
2022;PDI;ECOSISTEMAS AGROFORESTALES;PROFESOR TITULAR DE ESCUELA UNIVERSITARIA;MUJER;1
2022;PDI;ECOSISTEMAS AGROFORESTALES;PROFESOR TITULAR DE UNIVERSIDAD;HOMBRE;5
2022;PDI;ECOSISTEMAS AGROFORESTALES;PROFESOR TITULAR DE UNIVERSIDAD;MUJER;6
2022;PDI;ESCULTURA;CATEDRÁTICO DE UNIVERSIDAD;HOMBRE;4
2022;PDI;ESCULTURA;CATEDRÁTICO DE UNIVERSIDAD;MUJER;3
2022;PDI;ESCULTURA;PROFESOR ASOCIADO;HOMBRE;12
2022;PDI;ESCULTURA;PROFESOR ASOCIADO;MUJER;2
2022;PDI;ESCULTURA;PROFESOR CONTRATADO DOCTOR;HOMBRE;2
2022;PDI;ESCULTURA;PROFESOR CONTRATADO DOCTOR;MUJER;2
2022;PDI;ESCULTURA;PROFESOR TITULAR DE ESCUELA UNIVERSITARIA;HOMBRE;2
2022;PDI;ESCULTURA;PROFESOR TITULAR DE UNIVERSIDAD;HOMBRE;6
2022;PDI;ESCULTURA;PROFESOR TITULAR DE UNIVERSIDAD;MUJER;16
2022;PDI;ESTADISTICA E INVESTIGACION OPERATIVA APLICADAS Y CALIDAD;AYUDANTE;HOMBRE;2
2022;PDI;ESTADISTICA E INVESTIGACION OPERATIVA APLICADAS Y CALIDAD;AYUDANTE;MUJER;2
2022;PDI;ESTADISTICA E INVESTIGACION OPERATIVA APLICADAS Y CALIDAD;CATEDRÁTICO DE UNIVERSIDAD;HOMBRE;7
2022;PDI;ESTADISTICA E INVESTIGACION OPERATIVA APLICADAS Y CALIDAD;CATEDRÁTICO DE UNIVERSIDAD;MUJER;2
2022;PDI;ESTADISTICA E INVESTIGACION OPERATIVA APLICADAS Y CALIDAD;PROFESOR ASOCIADO;HOMBRE;11
2022;PDI;ESTADISTICA E INVESTIGACION OPERATIVA APLICADAS Y CALIDAD;PROFESOR ASOCIADO;MUJER;7
2022;PDI;ESTADISTICA E INVESTIGACION OPERATIVA APLICADAS Y CALIDAD;PROFESOR COLABORADOR;MUJER;1
2022;PDI;ESTADISTICA E INVESTIGACION OPERATIVA APLICADAS Y CALIDAD;PROFESOR CONTRATADO DOCTOR;HOMBRE;2
2022;PDI;ESTADISTICA E INVESTIGACION OPERATIVA APLICADAS Y CALIDAD;PROFESOR CONTRATADO DOCTOR;MUJER;4
2022;PDI;ESTADISTICA E INVESTIGACION OPERATIVA APLICADAS Y CALIDAD;PROFESOR TITULAR DE ESCUELA UNIVERSITARIA;HOMBRE;1
2022;PDI;ESTADISTICA E INVESTIGACION OPERATIVA APLICADAS Y CALIDAD;PROFESOR TITULAR DE UNIVERSIDAD;HOMBRE;10
2022;PDI;ESTADISTICA E INVESTIGACION OPERATIVA APLICADAS Y CALIDAD;PROFESOR TITULAR DE UNIVERSIDAD;MUJER;13
2022;PDI;EXPRESION GRAFICA ARQUITECTONICA;AYUDANTE;HOMBRE;5
2022;PDI;EXPRESION GRAFICA ARQUITECTONICA;AYUDANTE;MUJER;1
2022;PDI;EXPRESION GRAFICA ARQUITECTONICA;CATEDRÁTICO DE ESCUELA UNIVERSITARIA;MUJER;1
2022;PDI;EXPRESION GRAFICA ARQUITECTONICA;CATEDRÁTICO DE UNIVERSIDAD;HOMBRE;3
2022;PDI;EXPRESION GRAFICA ARQUITECTONICA;PROFESOR ASOCIADO;HOMBRE;15
2022;PDI;EXPRESION GRAFICA ARQUITECTONICA;PROFESOR ASOCIADO;MUJER;6
2022;PDI;EXPRESION GRAFICA ARQUITECTONICA;PROFESOR COLABORADOR;HOMBRE;2
2022;PDI;EXPRESION GRAFICA ARQUITECTONICA;PROFESOR CONTRATADO DOCTOR;MUJER;3
2022;PDI;EXPRESION GRAFICA ARQUITECTONICA;PROFESOR TITULAR DE ESCUELA UNIVERSITARIA;HOMBRE;3
2022;PDI;EXPRESION GRAFICA ARQUITECTONICA;PROFESOR TITULAR DE ESCUELA UNIVERSITARIA;MUJER;1
2022;PDI;EXPRESION GRAFICA ARQUITECTONICA;PROFESOR TITULAR DE UNIVERSIDAD;HOMBRE;12
2022;PDI;EXPRESION GRAFICA ARQUITECTONICA;PROFESOR TITULAR DE UNIVERSIDAD;MUJER;5
2022;PDI;FISICA APLICADA;AYUDANTE;HOMBRE;3
2022;PDI;FISICA APLICADA;CATEDRÁTICO DE ESCUELA UNIVERSITARIA;HOMBRE;1
2022;PDI;FISICA APLICADA;CATEDRÁTICO DE ESCUELA UNIVERSITARIA;MUJER;1
2022;PDI;FISICA APLICADA;CATEDRÁTICO DE UNIVERSIDAD;HOMBRE;20
2022;PDI;FISICA APLICADA;CATEDRÁTICO DE UNIVERSIDAD;MUJER;5
2022;PDI;FISICA APLICADA;PROFESOR ASOCIADO;HOMBRE;5
2022;PDI;FISICA APLICADA;PROFESOR ASOCIADO;MUJER;5
2022;PDI;FISICA APLICADA;PROFESOR COLABORADOR;MUJER;2
2022;PDI;FISICA APLICADA;PROFESOR CONTRATADO DOCTOR;MUJER;3
2022;PDI;FISICA APLICADA;PROFESOR EMÉRITO;HOMBRE;1
2022;PDI;FISICA APLICADA;PROFESOR TITULAR DE ESCUELA UNIVERSITARIA;HOMBRE;4
2022;PDI;FISICA APLICADA;PROFESOR TITULAR DE ESCUELA UNIVERSITARIA;MUJER;1
2022;PDI;FISICA APLICADA;PROFESOR TITULAR DE UNIVERSIDAD;HOMBRE;32
2022;PDI;FISICA APLICADA;PROFESOR TITULAR DE UNIVERSIDAD;MUJER;8
2022;PDI;INFORMATICA DE SISTEMAS Y COMPUTADORES;CATEDRÁTICO DE UNIVERSIDAD;HOMBRE;20
2022;PDI;INFORMATICA DE SISTEMAS Y COMPUTADORES;CATEDRÁTICO DE UNIVERSIDAD;MUJER;1
2022;PDI;INFORMATICA DE SISTEMAS Y COMPUTADORES;PROFESOR ASOCIADO;HOMBRE;3
2022;PDI;INFORMATICA DE SISTEMAS Y COMPUTADORES;PROFESOR ASOCIADO;MUJER;3
2022;PDI;INFORMATICA DE SISTEMAS Y COMPUTADORES;PROFESOR CONTRATADO DOCTOR;HOMBRE;9
2022;PDI;INFORMATICA DE SISTEMAS Y COMPUTADORES;PROFESOR TITULAR DE ESCUELA UNIVERSITARIA;HOMBRE;8
2022;PDI;INFORMATICA DE SISTEMAS Y COMPUTADORES;PROFESOR TITULAR DE ESCUELA UNIVERSITARIA;MUJER;1
2022;PDI;INFORMATICA DE SISTEMAS Y COMPUTADORES;PROFESOR TITULAR DE UNIVERSIDAD;HOMBRE;31
2022;PDI;INFORMATICA DE SISTEMAS Y COMPUTADORES;PROFESOR TITULAR DE UNIVERSIDAD;MUJER;10
2022;PDI;INGENIERIA CARTOGRAFICA, GEODESIA Y FOTOGRAMETRIA;CATEDRÁTICO DE ESCUELA UNIVERSITARIA;HOMBRE;1
2022;PDI;INGENIERIA CARTOGRAFICA, GEODESIA Y FOTOGRAMETRIA;CATEDRÁTICO DE UNIVERSIDAD;HOMBRE;5
2022;PDI;INGENIERIA CARTOGRAFICA, GEODESIA Y FOTOGRAMETRIA;CATEDRÁTICO DE UNIVERSIDAD;MUJER;1
2022;PDI;INGENIERIA CARTOGRAFICA, GEODESIA Y FOTOGRAMETRIA;PROFESOR COLABORADOR;HOMBRE;1
2022;PDI;INGENIERIA CARTOGRAFICA, GEODESIA Y FOTOGRAMETRIA;PROFESOR COLABORADOR;MUJER;1
2022;PDI;INGENIERIA CARTOGRAFICA, GEODESIA Y FOTOGRAMETRIA;PROFESOR CONTRATADO DOCTOR;HOMBRE;2
2022;PDI;INGENIERIA CARTOGRAFICA, GEODESIA Y FOTOGRAMETRIA;PROFESOR CONTRATADO DOCTOR;MUJER;2
2022;PDI;INGENIERIA CARTOGRAFICA, GEODESIA Y FOTOGRAMETRIA;PROFESOR TITULAR DE ESCUELA UNIVERSITARIA;HOMBRE;3
2022;PDI;INGENIERIA CARTOGRAFICA, GEODESIA Y FOTOGRAMETRIA;PROFESOR TITULAR DE ESCUELA UNIVERSITARIA;MUJER;1
2022;PDI;INGENIERIA CARTOGRAFICA, GEODESIA Y FOTOGRAMETRIA;PROFESOR TITULAR DE UNIVERSIDAD;HOMBRE;18
2022;PDI;INGENIERIA CARTOGRAFICA, GEODESIA Y FOTOGRAMETRIA;PROFESOR TITULAR DE UNIVERSIDAD;MUJER;5
2022;PDI;INGENIERIA DE LA CONSTRUCCION Y DE  PROYECTOS  DE INGENIERIA CIVIL;AYUDANTE;MUJER;1
2022;PDI;INGENIERIA DE LA CONSTRUCCION Y DE  PROYECTOS  DE INGENIERIA CIVIL;CATEDRÁTICO DE UNIVERSIDAD;HOMBRE;17
2022;PDI;INGENIERIA DE LA CONSTRUCCION Y DE  PROYECTOS  DE INGENIERIA CIVIL;CATEDRÁTICO DE UNIVERSIDAD;MUJER;1
2022;PDI;INGENIERIA DE LA CONSTRUCCION Y DE  PROYECTOS  DE INGENIERIA CIVIL;PROFESOR ASOCIADO;HOMBRE;18
2022;PDI;INGENIERIA DE LA CONSTRUCCION Y DE  PROYECTOS  DE INGENIERIA CIVIL;PROFESOR ASOCIADO;MUJER;4
2022;PDI;INGENIERIA DE LA CONSTRUCCION Y DE  PROYECTOS  DE INGENIERIA CIVIL;PROFESOR CONTRATADO DOCTOR;HOMBRE;1
2022;PDI;INGENIERIA DE LA CONSTRUCCION Y DE  PROYECTOS  DE INGENIERIA CIVIL;PROFESOR CONTRATADO DOCTOR;MUJER;5
2022;PDI;INGENIERIA DE LA CONSTRUCCION Y DE  PROYECTOS  DE INGENIERIA CIVIL;PROFESOR TITULAR DE ESCUELA UNIVERSITARIA;HOMBRE;2
2022;PDI;INGENIERIA DE LA CONSTRUCCION Y DE  PROYECTOS  DE INGENIERIA CIVIL;PROFESOR TITULAR DE UNIVERSIDAD;HOMBRE;6
2022;PDI;INGENIERIA DE LA CONSTRUCCION Y DE  PROYECTOS  DE INGENIERIA CIVIL;PROFESOR TITULAR DE UNIVERSIDAD;MUJER;4
2022;PDI;INGENIERIA DE SISTEMAS Y AUTOMATICA;AYUDANTE;HOMBRE;4
2022;PDI;INGENIERIA DE SISTEMAS Y AUTOMATICA;CATEDRÁTICO DE UNIVERSIDAD;HOMBRE;13
2022;PDI;INGENIERIA DE SISTEMAS Y AUTOMATICA;PROFESOR ASOCIADO;HOMBRE;6
2022;PDI;INGENIERIA DE SISTEMAS Y AUTOMATICA;PROFESOR CONTRATADO DOCTOR;HOMBRE;1
2022;PDI;INGENIERIA DE SISTEMAS Y AUTOMATICA;PROFESOR TITULAR DE ESCUELA UNIVERSITARIA;HOMBRE;2
2022;PDI;INGENIERIA DE SISTEMAS Y AUTOMATICA;PROFESOR TITULAR DE UNIVERSIDAD;HOMBRE;21
2022;PDI;INGENIERIA DE SISTEMAS Y AUTOMATICA;PROFESOR TITULAR DE UNIVERSIDAD;MUJER;2
2022;PDI;INGENIERIA DEL TERRENO;AYUDANTE;HOMBRE;1
2022;PDI;INGENIERIA DEL TERRENO;PROFESOR ASOCIADO;HOMBRE;3
2022;PDI;INGENIERIA DEL TERRENO;PROFESOR CONTRATADO DOCTOR;HOMBRE;1
2022;PDI;INGENIERIA DEL TERRENO;PROFESOR TITULAR DE ESCUELA UNIVERSITARIA;HOMBRE;2
2022;PDI;INGENIERIA DEL TERRENO;PROFESOR TITULAR DE ESCUELA UNIVERSITARIA;MUJER;1
2022;PDI;INGENIERIA DEL TERRENO;PROFESOR TITULAR DE UNIVERSIDAD;HOMBRE;3
2022;PDI;INGENIERIA E INFRAESTRUCTURA DE LOS TRANSPORTES;AYUDANTE;HOMBRE;1
2022;PDI;INGENIERIA E INFRAESTRUCTURA DE LOS TRANSPORTES;CATEDRÁTICO DE UNIVERSIDAD;HOMBRE;6
2022;PDI;INGENIERIA E INFRAESTRUCTURA DE LOS TRANSPORTES;PROFESOR ASOCIADO;HOMBRE;14
2022;PDI;INGENIERIA E INFRAESTRUCTURA DE LOS TRANSPORTES;PROFESOR ASOCIADO;MUJER;1
2022;PDI;INGENIERIA E INFRAESTRUCTURA DE LOS TRANSPORTES;PROFESOR CONTRATADO DOCTOR;HOMBRE;2
2022;PDI;INGENIERIA E INFRAESTRUCTURA DE LOS TRANSPORTES;PROFESOR CONTRATADO DOCTOR;MUJER;2
2022;PDI;INGENIERIA E INFRAESTRUCTURA DE LOS TRANSPORTES;PROFESOR TITULAR DE UNIVERSIDAD;HOMBRE;4
2022;PDI;INGENIERIA E INFRAESTRUCTURA DE LOS TRANSPORTES;PROFESOR TITULAR DE UNIVERSIDAD;MUJER;3
2022;PDI;INGENIERIA ELECTRICA;AYUDANTE;HOMBRE;2
2022;PDI;INGENIERIA ELECTRICA;AYUDANTE;MUJER;1
2022;PDI;INGENIERIA ELECTRICA;CATEDRÁTICO DE ESCUELA UNIVERSITARIA;HOMBRE;4
2022;PDI;INGENIERIA ELECTRICA;CATEDRÁTICO DE UNIVERSIDAD;HOMBRE;5
2022;PDI;INGENIERIA ELECTRICA;CATEDRÁTICO DE UNIVERSIDAD;MUJER;1
2022;PDI;INGENIERIA ELECTRICA;PROFESOR ASOCIADO;HOMBRE;11
2022;PDI;INGENIERIA ELECTRICA;PROFESOR ASOCIADO;MUJER;1
2022;PDI;INGENIERIA ELECTRICA;PROFESOR CONTRATADO DOCTOR;HOMBRE;1
2022;PDI;INGENIERIA ELECTRICA;PROFESOR CONTRATADO DOCTOR;MUJER;1
2022;PDI;INGENIERIA ELECTRICA;PROFESOR TITULAR DE ESCUELA UNIVERSITARIA;HOMBRE;3
2022;PDI;INGENIERIA ELECTRICA;PROFESOR TITULAR DE ESCUELA UNIVERSITARIA;MUJER;1
2022;PDI;INGENIERIA ELECTRICA;PROFESOR TITULAR DE UNIVERSIDAD;HOMBRE;20
2022;PDI;INGENIERIA ELECTRICA;PROFESOR TITULAR DE UNIVERSIDAD;MUJER;2
2022;PDI;INGENIERIA ELECTRONICA;AYUDANTE;HOMBRE;5
2022;PDI;INGENIERIA ELECTRONICA;AYUDANTE;MUJER;2
2022;PDI;INGENIERIA ELECTRONICA;CATEDRÁTICO DE UNIVERSIDAD;HOMBRE;17
2022;PDI;INGENIERIA ELECTRONICA;CATEDRÁTICO DE UNIVERSIDAD;MUJER;1
2022;PDI;INGENIERIA ELECTRONICA;PROFESOR ASOCIADO;HOMBRE;12
2022;PDI;INGENIERIA ELECTRONICA;PROFESOR ASOCIADO;MUJER;2
2022;PDI;INGENIERIA ELECTRONICA;PROFESOR CONTRATADO DOCTOR;HOMBRE;1
2022;PDI;INGENIERIA ELECTRONICA;PROFESOR TITULAR DE ESCUELA UNIVERSITARIA;HOMBRE;6
2022;PDI;INGENIERIA ELECTRONICA;PROFESOR TITULAR DE UNIVERSIDAD;HOMBRE;37
2022;PDI;INGENIERIA ELECTRONICA;PROFESOR TITULAR DE UNIVERSIDAD;MUJER;10
2022;PDI;INGENIERÍA GRÁFICA;AYUDANTE;HOMBRE;3
2022;PDI;INGENIERÍA GRÁFICA;AYUDANTE;MUJER;1
2022;PDI;INGENIERÍA GRÁFICA;CATEDRÁTICO DE UNIVERSIDAD;HOMBRE;5
2022;PDI;INGENIERÍA GRÁFICA;CATEDRÁTICO DE UNIVERSIDAD;MUJER;2
2022;PDI;INGENIERÍA GRÁFICA;PROFESOR ASOCIADO;HOMBRE;17
2022;PDI;INGENIERÍA GRÁFICA;PROFESOR ASOCIADO;MUJER;3
2022;PDI;INGENIERÍA GRÁFICA;PROFESOR CONTRATADO DOCTOR;HOMBRE;3
2022;PDI;INGENIERÍA GRÁFICA;PROFESOR CONTRATADO DOCTOR;MUJER;2
2022;PDI;INGENIERÍA GRÁFICA;PROFESOR TITULAR DE ESCUELA UNIVERSITARIA;HOMBRE;4
2022;PDI;INGENIERÍA GRÁFICA;PROFESOR TITULAR DE ESCUELA UNIVERSITARIA;MUJER;1
2022;PDI;INGENIERÍA GRÁFICA;PROFESOR TITULAR DE UNIVERSIDAD;HOMBRE;9
2022;PDI;INGENIERÍA GRÁFICA;PROFESOR TITULAR DE UNIVERSIDAD;MUJER;7
2022;PDI;INGENIERIA HIDRAULICA Y MEDIO AMBIENTE;AYUDANTE;HOMBRE;1
2022;PDI;INGENIERIA HIDRAULICA Y MEDIO AMBIENTE;CATEDRÁTICO DE UNIVERSIDAD;HOMBRE;16
2022;PDI;INGENIERIA HIDRAULICA Y MEDIO AMBIENTE;CATEDRÁTICO DE UNIVERSIDAD;MUJER;1
2022;PDI;INGENIERIA HIDRAULICA Y MEDIO AMBIENTE;PROFESOR ASOCIADO;HOMBRE;20
2022;PDI;INGENIERIA HIDRAULICA Y MEDIO AMBIENTE;PROFESOR ASOCIADO;MUJER;12
2022;PDI;INGENIERIA HIDRAULICA Y MEDIO AMBIENTE;PROFESOR COLABORADOR;HOMBRE;1
2022;PDI;INGENIERIA HIDRAULICA Y MEDIO AMBIENTE;PROFESOR CONTRATADO DOCTOR;HOMBRE;1
2022;PDI;INGENIERIA HIDRAULICA Y MEDIO AMBIENTE;PROFESOR TITULAR DE ESCUELA UNIVERSITARIA;HOMBRE;2
2022;PDI;INGENIERIA HIDRAULICA Y MEDIO AMBIENTE;PROFESOR TITULAR DE UNIVERSIDAD;HOMBRE;21
2022;PDI;INGENIERIA HIDRAULICA Y MEDIO AMBIENTE;PROFESOR TITULAR DE UNIVERSIDAD;MUJER;4
2022;PDI;INGENIERIA MECANICA Y DE MATERIALES;AYUDANTE;HOMBRE;5
2022;PDI;INGENIERIA MECANICA Y DE MATERIALES;AYUDANTE;MUJER;1
2022;PDI;INGENIERIA MECANICA Y DE MATERIALES;CATEDRÁTICO DE UNIVERSIDAD;HOMBRE;17
2022;PDI;INGENIERIA MECANICA Y DE MATERIALES;CATEDRÁTICO DE UNIVERSIDAD;MUJER;2
2022;PDI;INGENIERIA MECANICA Y DE MATERIALES;PROFESOR ASOCIADO;HOMBRE;29
2022;PDI;INGENIERIA MECANICA Y DE MATERIALES;PROFESOR ASOCIADO;MUJER;4
2022;PDI;INGENIERIA MECANICA Y DE MATERIALES;PROFESOR COLABORADOR;HOMBRE;1
2022;PDI;INGENIERIA MECANICA Y DE MATERIALES;PROFESOR COLABORADOR;MUJER;2
2022;PDI;INGENIERIA MECANICA Y DE MATERIALES;PROFESOR CONTRATADO DOCTOR;HOMBRE;6
2022;PDI;INGENIERIA MECANICA Y DE MATERIALES;PROFESOR CONTRATADO DOCTOR;MUJER;2
2022;PDI;INGENIERIA MECANICA Y DE MATERIALES;PROFESOR TITULAR DE ESCUELA UNIVERSITARIA;HOMBRE;3
2022;PDI;INGENIERIA MECANICA Y DE MATERIALES;PROFESOR TITULAR DE ESCUELA UNIVERSITARIA;MUJER;2
2022;PDI;INGENIERIA MECANICA Y DE MATERIALES;PROFESOR TITULAR DE UNIVERSIDAD;HOMBRE;33
2022;PDI;INGENIERIA MECANICA Y DE MATERIALES;PROFESOR TITULAR DE UNIVERSIDAD;MUJER;7
2022;PDI;INGENIERIA QUIMICA Y NUCLEAR;AYUDANTE;HOMBRE;2
2022;PDI;INGENIERIA QUIMICA Y NUCLEAR;AYUDANTE;MUJER;2
2022;PDI;INGENIERIA QUIMICA Y NUCLEAR;CATEDRÁTICO DE ESCUELA UNIVERSITARIA;HOMBRE;1
2022;PDI;INGENIERIA QUIMICA Y NUCLEAR;CATEDRÁTICO DE UNIVERSIDAD;HOMBRE;12
2022;PDI;INGENIERIA QUIMICA Y NUCLEAR;CATEDRÁTICO DE UNIVERSIDAD;MUJER;3
2022;PDI;INGENIERIA QUIMICA Y NUCLEAR;PROFESOR ASOCIADO;HOMBRE;7
2022;PDI;INGENIERIA QUIMICA Y NUCLEAR;PROFESOR ASOCIADO;MUJER;9
2022;PDI;INGENIERIA QUIMICA Y NUCLEAR;PROFESOR COLABORADOR;MUJER;1
2022;PDI;INGENIERIA QUIMICA Y NUCLEAR;PROFESOR CONTRATADO DOCTOR;HOMBRE;1
2022;PDI;INGENIERIA QUIMICA Y NUCLEAR;PROFESOR EMÉRITO;HOMBRE;1
2022;PDI;INGENIERIA QUIMICA Y NUCLEAR;PROFESOR TITULAR DE UNIVERSIDAD;HOMBRE;5
2022;PDI;INGENIERIA QUIMICA Y NUCLEAR;PROFESOR TITULAR DE UNIVERSIDAD;MUJER;15
2022;PDI;INGENIERIA RURAL Y AGROALIMENTARIA;CATEDRÁTICO DE ESCUELA UNIVERSITARIA;HOMBRE;1
2022;PDI;INGENIERIA RURAL Y AGROALIMENTARIA;CATEDRÁTICO DE UNIVERSIDAD;HOMBRE;5
2022;PDI;INGENIERIA RURAL Y AGROALIMENTARIA;PROFESOR COLABORADOR;HOMBRE;2
2022;PDI;INGENIERIA RURAL Y AGROALIMENTARIA;PROFESOR CONTRATADO DOCTOR;HOMBRE;1
2022;PDI;INGENIERIA RURAL Y AGROALIMENTARIA;PROFESOR CONTRATADO DOCTOR;MUJER;2
2022;PDI;INGENIERIA RURAL Y AGROALIMENTARIA;PROFESOR TITULAR DE ESCUELA UNIVERSITARIA;HOMBRE;3
2022;PDI;INGENIERIA RURAL Y AGROALIMENTARIA;PROFESOR TITULAR DE UNIVERSIDAD;HOMBRE;10
2022;PDI;INGENIERIA RURAL Y AGROALIMENTARIA;PROFESOR TITULAR DE UNIVERSIDAD;MUJER;2
2022;PDI;INGENIERIA TEXTIL Y PAPELERA;AYUDANTE;HOMBRE;1
2022;PDI;INGENIERIA TEXTIL Y PAPELERA;AYUDANTE;MUJER;1
2022;PDI;INGENIERIA TEXTIL Y PAPELERA;CATEDRÁTICO DE UNIVERSIDAD;HOMBRE;2
2022;PDI;INGENIERIA TEXTIL Y PAPELERA;CATEDRÁTICO DE UNIVERSIDAD;MUJER;2
2022;PDI;INGENIERIA TEXTIL Y PAPELERA;PROFESOR ASOCIADO;HOMBRE;3
2022;PDI;INGENIERIA TEXTIL Y PAPELERA;PROFESOR CONTRATADO DOCTOR;HOMBRE;1
2022;PDI;INGENIERIA TEXTIL Y PAPELERA;PROFESOR CONTRATADO DOCTOR;MUJER;1
2022;PDI;INGENIERIA TEXTIL Y PAPELERA;PROFESOR TITULAR DE UNIVERSIDAD;HOMBRE;7
2022;PDI;INGENIERIA TEXTIL Y PAPELERA;PROFESOR TITULAR DE UNIVERSIDAD;MUJER;1
2022;PDI;LINGÜISTICA APLICADA;AYUDANTE;MUJER;6
2022;PDI;LINGÜISTICA APLICADA;CATEDRÁTICO DE UNIVERSIDAD;MUJER;2
2022;PDI;LINGÜISTICA APLICADA;PROFESOR ASOCIADO;HOMBRE;10
2022;PDI;LINGÜISTICA APLICADA;PROFESOR ASOCIADO;MUJER;22
2022;PDI;LINGÜISTICA APLICADA;PROFESOR COLABORADOR;HOMBRE;1
2022;PDI;LINGÜISTICA APLICADA;PROFESOR COLABORADOR;MUJER;2
2022;PDI;LINGÜISTICA APLICADA;PROFESOR CONTRATADO DOCTOR;HOMBRE;1
2022;PDI;LINGÜISTICA APLICADA;PROFESOR CONTRATADO DOCTOR;MUJER;8
2022;PDI;LINGÜISTICA APLICADA;PROFESOR TITULAR DE ESCUELA UNIVERSITARIA;MUJER;6
2022;PDI;LINGÜISTICA APLICADA;PROFESOR TITULAR DE UNIVERSIDAD;HOMBRE;4
2022;PDI;LINGÜISTICA APLICADA;PROFESOR TITULAR DE UNIVERSIDAD;MUJER;17
2022;PDI;MAQUINAS Y MOTORES TERMICOS;AYUDANTE;HOMBRE;3
2022;PDI;MAQUINAS Y MOTORES TERMICOS;CATEDRÁTICO DE UNIVERSIDAD;HOMBRE;30
2022;PDI;MAQUINAS Y MOTORES TERMICOS;CATEDRÁTICO DE UNIVERSIDAD;MUJER;1
2022;PDI;MAQUINAS Y MOTORES TERMICOS;PROFESOR ASOCIADO;HOMBRE;2
2022;PDI;MAQUINAS Y MOTORES TERMICOS;PROFESOR ASOCIADO;MUJER;1
2022;PDI;MAQUINAS Y MOTORES TERMICOS;PROFESOR CONTRATADO DOCTOR;HOMBRE;4
2022;PDI;MAQUINAS Y MOTORES TERMICOS;PROFESOR CONTRATADO DOCTOR;MUJER;2
2022;PDI;MAQUINAS Y MOTORES TERMICOS;PROFESOR TITULAR DE UNIVERSIDAD;HOMBRE;10
2022;PDI;MAQUINAS Y MOTORES TERMICOS;PROFESOR TITULAR DE UNIVERSIDAD;MUJER;1
2022;PDI;MATEMATICA APLICADA;AYUDANTE;HOMBRE;2
2022;PDI;MATEMATICA APLICADA;AYUDANTE;MUJER;2
2022;PDI;MATEMATICA APLICADA;CATEDRÁTICO DE ESCUELA UNIVERSITARIA;HOMBRE;5
2022;PDI;MATEMATICA APLICADA;CATEDRÁTICO DE ESCUELA UNIVERSITARIA;MUJER;1
2022;PDI;MATEMATICA APLICADA;CATEDRÁTICO DE UNIVERSIDAD;HOMBRE;27
2022;PDI;MATEMATICA APLICADA;CATEDRÁTICO DE UNIVERSIDAD;MUJER;7
2022;PDI;MATEMATICA APLICADA;PROFESOR ASOCIADO;HOMBRE;7
2022;PDI;MATEMATICA APLICADA;PROFESOR ASOCIADO;MUJER;2
2022;PDI;MATEMATICA APLICADA;PROFESOR CONTRATADO DOCTOR;HOMBRE;3
2022;PDI;MATEMATICA APLICADA;PROFESOR CONTRATADO DOCTOR;MUJER;2
2022;PDI;MATEMATICA APLICADA;PROFESOR EMÉRITO;HOMBRE;2
2022;PDI;MATEMATICA APLICADA;PROFESOR TITULAR DE ESCUELA UNIVERSITARIA;HOMBRE;1
2022;PDI;MATEMATICA APLICADA;PROFESOR TITULAR DE ESCUELA UNIVERSITARIA;MUJER;1
2022;PDI;MATEMATICA APLICADA;PROFESOR TITULAR DE UNIVERSIDAD;HOMBRE;28
2022;PDI;MATEMATICA APLICADA;PROFESOR TITULAR DE UNIVERSIDAD;MUJER;34
2022;PDI;MECANICA DE LOS MEDIOS CONTINUOS Y TEORIA DE ESTRUCTURAS;AYUDANTE;HOMBRE;1
2022;PDI;MECANICA DE LOS MEDIOS CONTINUOS Y TEORIA DE ESTRUCTURAS;AYUDANTE;MUJER;2
2022;PDI;MECANICA DE LOS MEDIOS CONTINUOS Y TEORIA DE ESTRUCTURAS;CATEDRÁTICO DE UNIVERSIDAD;HOMBRE;4
2022;PDI;MECANICA DE LOS MEDIOS CONTINUOS Y TEORIA DE ESTRUCTURAS;PROFESOR ASOCIADO;HOMBRE;11
2022;PDI;MECANICA DE LOS MEDIOS CONTINUOS Y TEORIA DE ESTRUCTURAS;PROFESOR ASOCIADO;MUJER;6
2022;PDI;MECANICA DE LOS MEDIOS CONTINUOS Y TEORIA DE ESTRUCTURAS;PROFESOR CONTRATADO DOCTOR;HOMBRE;2
2022;PDI;MECANICA DE LOS MEDIOS CONTINUOS Y TEORIA DE ESTRUCTURAS;PROFESOR CONTRATADO DOCTOR;MUJER;1
2022;PDI;MECANICA DE LOS MEDIOS CONTINUOS Y TEORIA DE ESTRUCTURAS;PROFESOR TITULAR DE ESCUELA UNIVERSITARIA;HOMBRE;4
2022;PDI;MECANICA DE LOS MEDIOS CONTINUOS Y TEORIA DE ESTRUCTURAS;PROFESOR TITULAR DE ESCUELA UNIVERSITARIA;MUJER;1
2022;PDI;MECANICA DE LOS MEDIOS CONTINUOS Y TEORIA DE ESTRUCTURAS;PROFESOR TITULAR DE UNIVERSIDAD;HOMBRE;17
2022;PDI;MECANICA DE LOS MEDIOS CONTINUOS Y TEORIA DE ESTRUCTURAS;PROFESOR TITULAR DE UNIVERSIDAD;MUJER;6
2022;PDI;ORGANIZACIÓN DE EMPRESAS;AYUDANTE;HOMBRE;6
2022;PDI;ORGANIZACIÓN DE EMPRESAS;AYUDANTE;MUJER;4
2022;PDI;ORGANIZACIÓN DE EMPRESAS;CATEDRÁTICO DE UNIVERSIDAD;HOMBRE;15
2022;PDI;ORGANIZACIÓN DE EMPRESAS;CATEDRÁTICO DE UNIVERSIDAD;MUJER;10
2022;PDI;ORGANIZACIÓN DE EMPRESAS;PROFESOR ASOCIADO;HOMBRE;39
2022;PDI;ORGANIZACIÓN DE EMPRESAS;PROFESOR ASOCIADO;MUJER;16
2022;PDI;ORGANIZACIÓN DE EMPRESAS;PROFESOR COLABORADOR;HOMBRE;3
2022;PDI;ORGANIZACIÓN DE EMPRESAS;PROFESOR COLABORADOR;MUJER;1
2022;PDI;ORGANIZACIÓN DE EMPRESAS;PROFESOR CONTRATADO DOCTOR;HOMBRE;1
2022;PDI;ORGANIZACIÓN DE EMPRESAS;PROFESOR CONTRATADO DOCTOR;MUJER;6
2022;PDI;ORGANIZACIÓN DE EMPRESAS;PROFESOR TITULAR DE ESCUELA UNIVERSITARIA;HOMBRE;4
2022;PDI;ORGANIZACIÓN DE EMPRESAS;PROFESOR TITULAR DE ESCUELA UNIVERSITARIA;MUJER;2
2022;PDI;ORGANIZACIÓN DE EMPRESAS;PROFESOR TITULAR DE UNIVERSIDAD;HOMBRE;21
2022;PDI;ORGANIZACIÓN DE EMPRESAS;PROFESOR TITULAR DE UNIVERSIDAD;MUJER;11
2022;PDI;PINTURA;AYUDANTE;HOMBRE;1
2022;PDI;PINTURA;CATEDRÁTICO DE UNIVERSIDAD;HOMBRE;2
2022;PDI;PINTURA;CATEDRÁTICO DE UNIVERSIDAD;MUJER;1
2022;PDI;PINTURA;PROFESOR ASOCIADO;HOMBRE;6
2022;PDI;PINTURA;PROFESOR ASOCIADO;MUJER;8
2022;PDI;PINTURA;PROFESOR CONTRATADO DOCTOR;HOMBRE;2
2022;PDI;PINTURA;PROFESOR CONTRATADO DOCTOR;MUJER;2
2022;PDI;PINTURA;PROFESOR TITULAR DE ESCUELA UNIVERSITARIA;HOMBRE;1
2022;PDI;PINTURA;PROFESOR TITULAR DE UNIVERSIDAD;HOMBRE;20
2022;PDI;PINTURA;PROFESOR TITULAR DE UNIVERSIDAD;MUJER;5
2022;PDI;PRODUCCION VEGETAL;CATEDRÁTICO DE ESCUELA UNIVERSITARIA;HOMBRE;1
2022;PDI;PRODUCCION VEGETAL;CATEDRÁTICO DE ESCUELA UNIVERSITARIA;MUJER;2
2022;PDI;PRODUCCION VEGETAL;CATEDRÁTICO DE UNIVERSIDAD;HOMBRE;4
2022;PDI;PRODUCCION VEGETAL;PROFESOR COLABORADOR;MUJER;1
2022;PDI;PRODUCCION VEGETAL;PROFESOR CONTRATADO DOCTOR;HOMBRE;3
2022;PDI;PRODUCCION VEGETAL;PROFESOR EMÉRITO;HOMBRE;2
2022;PDI;PRODUCCION VEGETAL;PROFESOR TITULAR DE UNIVERSIDAD;HOMBRE;7
2022;PDI;PRODUCCION VEGETAL;PROFESOR TITULAR DE UNIVERSIDAD;MUJER;6
2022;PDI;PROYECTOS ARQUITECTONICOS;AYUDANTE;HOMBRE;1
2022;PDI;PROYECTOS ARQUITECTONICOS;CATEDRÁTICO DE UNIVERSIDAD;HOMBRE;2
2022;PDI;PROYECTOS ARQUITECTONICOS;PROFESOR ASOCIADO;HOMBRE;38
2022;PDI;PROYECTOS ARQUITECTONICOS;PROFESOR ASOCIADO;MUJER;7
2022;PDI;PROYECTOS ARQUITECTONICOS;PROFESOR COLABORADOR;MUJER;2
2022;PDI;PROYECTOS ARQUITECTONICOS;PROFESOR CONTRATADO DOCTOR;HOMBRE;7
2022;PDI;PROYECTOS ARQUITECTONICOS;PROFESOR CONTRATADO DOCTOR;MUJER;3
2022;PDI;PROYECTOS ARQUITECTONICOS;PROFESOR TITULAR DE ESCUELA UNIVERSITARIA;HOMBRE;2
2022;PDI;PROYECTOS ARQUITECTONICOS;PROFESOR TITULAR DE UNIVERSIDAD;HOMBRE;11
2022;PDI;PROYECTOS ARQUITECTONICOS;PROFESOR TITULAR DE UNIVERSIDAD;MUJER;5
2022;PDI;PROYECTOS DE INGENIERIA;AYUDANTE;HOMBRE;2
2022;PDI;PROYECTOS DE INGENIERIA;AYUDANTE;MUJER;1
2022;PDI;PROYECTOS DE INGENIERIA;CATEDRÁTICO DE UNIVERSIDAD;HOMBRE;3
2022;PDI;PROYECTOS DE INGENIERIA;CATEDRÁTICO DE UNIVERSIDAD;MUJER;3
2022;PDI;PROYECTOS DE INGENIERIA;PROFESOR ASOCIADO;HOMBRE;5
2022;PDI;PROYECTOS DE INGENIERIA;PROFESOR ASOCIADO;MUJER;1
2022;PDI;PROYECTOS DE INGENIERIA;PROFESOR CONTRATADO DOCTOR;HOMBRE;2
2022;PDI;PROYECTOS DE INGENIERIA;PROFESOR CONTRATADO DOCTOR;MUJER;5
2022;PDI;PROYECTOS DE INGENIERIA;PROFESOR TITULAR DE ESCUELA UNIVERSITARIA;MUJER;1
2022;PDI;PROYECTOS DE INGENIERIA;PROFESOR TITULAR DE UNIVERSIDAD;HOMBRE;14
2022;PDI;PROYECTOS DE INGENIERIA;PROFESOR TITULAR DE UNIVERSIDAD;MUJER;4
2022;PDI;QUIMICA;AYUDANTE;MUJER;1
2022;PDI;QUIMICA;CATEDRÁTICO DE ESCUELA UNIVERSITARIA;HOMBRE;3
2022;PDI;QUIMICA;CATEDRÁTICO DE UNIVERSIDAD;HOMBRE;4
2022;PDI;QUIMICA;CATEDRÁTICO DE UNIVERSIDAD;MUJER;8
2022;PDI;QUIMICA;PROFESOR CONTRATADO DOCTOR;HOMBRE;4
2022;PDI;QUIMICA;PROFESOR CONTRATADO DOCTOR;MUJER;1
2022;PDI;QUIMICA;PROFESOR EMÉRITO;HOMBRE;2
2022;PDI;QUIMICA;PROFESOR EMÉRITO;MUJER;1
2022;PDI;QUIMICA;PROFESOR TITULAR DE UNIVERSIDAD;HOMBRE;7
2022;PDI;QUIMICA;PROFESOR TITULAR DE UNIVERSIDAD;MUJER;11
2022;PDI;SISTEMAS INFORMATICOS Y COMPUTACION;AYUDANTE;HOMBRE;2
2022;PDI;SISTEMAS INFORMATICOS Y COMPUTACION;AYUDANTE;MUJER;1
2022;PDI;SISTEMAS INFORMATICOS Y COMPUTACION;CATEDRÁTICO DE UNIVERSIDAD;HOMBRE;26
2022;PDI;SISTEMAS INFORMATICOS Y COMPUTACION;CATEDRÁTICO DE UNIVERSIDAD;MUJER;6
2022;PDI;SISTEMAS INFORMATICOS Y COMPUTACION;PROFESOR ASOCIADO;HOMBRE;17
2022;PDI;SISTEMAS INFORMATICOS Y COMPUTACION;PROFESOR ASOCIADO;MUJER;3
2022;PDI;SISTEMAS INFORMATICOS Y COMPUTACION;PROFESOR COLABORADOR;HOMBRE;2
2022;PDI;SISTEMAS INFORMATICOS Y COMPUTACION;PROFESOR CONTRATADO DOCTOR;HOMBRE;9
2022;PDI;SISTEMAS INFORMATICOS Y COMPUTACION;PROFESOR CONTRATADO DOCTOR;MUJER;4
2022;PDI;SISTEMAS INFORMATICOS Y COMPUTACION;PROFESOR EMÉRITO;HOMBRE;1
2022;PDI;SISTEMAS INFORMATICOS Y COMPUTACION;PROFESOR TITULAR DE ESCUELA UNIVERSITARIA;HOMBRE;7
2022;PDI;SISTEMAS INFORMATICOS Y COMPUTACION;PROFESOR TITULAR DE ESCUELA UNIVERSITARIA;MUJER;1
2022;PDI;SISTEMAS INFORMATICOS Y COMPUTACION;PROFESOR TITULAR DE UNIVERSIDAD;HOMBRE;51
2022;PDI;SISTEMAS INFORMATICOS Y COMPUTACION;PROFESOR TITULAR DE UNIVERSIDAD;MUJER;12
2022;PDI;TECNOLOGIA DE ALIMENTOS;CATEDRÁTICO DE UNIVERSIDAD;HOMBRE;9
2022;PDI;TECNOLOGIA DE ALIMENTOS;CATEDRÁTICO DE UNIVERSIDAD;MUJER;13
2022;PDI;TECNOLOGIA DE ALIMENTOS;PROFESOR ASOCIADO;HOMBRE;3
2022;PDI;TECNOLOGIA DE ALIMENTOS;PROFESOR EMÉRITO;HOMBRE;1
2022;PDI;TECNOLOGIA DE ALIMENTOS;PROFESOR TITULAR DE UNIVERSIDAD;HOMBRE;4
2022;PDI;TECNOLOGIA DE ALIMENTOS;PROFESOR TITULAR DE UNIVERSIDAD;MUJER;19
2022;PDI;TERMODINAMICA APLICADA;AYUDANTE;HOMBRE;2
2022;PDI;TERMODINAMICA APLICADA;CATEDRÁTICO DE UNIVERSIDAD;HOMBRE;6
2022;PDI;TERMODINAMICA APLICADA;CATEDRÁTICO DE UNIVERSIDAD;MUJER;3
2022;PDI;TERMODINAMICA APLICADA;PROFESOR ASOCIADO;HOMBRE;5
2022;PDI;TERMODINAMICA APLICADA;PROFESOR ASOCIADO;MUJER;4
2022;PDI;TERMODINAMICA APLICADA;PROFESOR CONTRATADO DOCTOR;HOMBRE;3
2022;PDI;TERMODINAMICA APLICADA;PROFESOR CONTRATADO DOCTOR;MUJER;1
2022;PDI;TERMODINAMICA APLICADA;PROFESOR TITULAR DE UNIVERSIDAD;HOMBRE;6
2022;PDI;TERMODINAMICA APLICADA;PROFESOR TITULAR DE UNIVERSIDAD;MUJER;1
2022;PDI;URBANISMO;AYUDANTE;HOMBRE;3
2022;PDI;URBANISMO;AYUDANTE;MUJER;2
2022;PDI;URBANISMO;CATEDRÁTICO DE UNIVERSIDAD;HOMBRE;1
2022;PDI;URBANISMO;PROFESOR ASOCIADO;HOMBRE;21
2022;PDI;URBANISMO;PROFESOR ASOCIADO;MUJER;12
2022;PDI;URBANISMO;PROFESOR CONTRATADO DOCTOR;HOMBRE;2
2022;PDI;URBANISMO;PROFESOR CONTRATADO DOCTOR;MUJER;1
2022;PDI;URBANISMO;PROFESOR TITULAR DE ESCUELA UNIVERSITARIA;HOMBRE;2
2022;PDI;URBANISMO;PROFESOR TITULAR DE ESCUELA UNIVERSITARIA;MUJER;1
2022;PDI;URBANISMO;PROFESOR TITULAR DE UNIVERSIDAD;HOMBRE;8
2022;PDI;URBANISMO;PROFESOR TITULAR DE UNIVERSIDAD;MUJER;4
2023;PDI;BIOTECNOLOGIA;CATEDRÁTICO DE UNIVERSIDAD;HOMBRE;11
2023;PDI;BIOTECNOLOGIA;CATEDRÁTICO DE UNIVERSIDAD;MUJER;5
2023;PDI;BIOTECNOLOGIA;PROFESOR ASOCIADO;HOMBRE;4
2023;PDI;BIOTECNOLOGIA;PROFESOR ASOCIADO;MUJER;5
2023;PDI;BIOTECNOLOGIA;PROFESOR AYUDANTE DOCTOR;MUJER;1
2023;PDI;BIOTECNOLOGIA;PROFESOR CONTRATADO DOCTOR;MUJER;1
2023;PDI;BIOTECNOLOGIA;PROFESOR EMÉRITO;HOMBRE;2
2023;PDI;BIOTECNOLOGIA;PROFESOR TITULAR DE UNIVERSIDAD;HOMBRE;11
2023;PDI;BIOTECNOLOGIA;PROFESOR TITULAR DE UNIVERSIDAD;MUJER;15
2023;PDI;BIOTECNOLOGIA;PROFESOR/A PERMANENTE LABORAL TITULAR;HOMBRE;3
2023;PDI;BIOTECNOLOGIA;PROFESOR/A PERMANENTE LABORAL TITULAR;MUJER;1
2023;PDI;CIENCIA ANIMAL;CATEDRÁTICO DE ESCUELA UNIVERSITARIA;HOMBRE;1
2023;PDI;CIENCIA ANIMAL;CATEDRÁTICO DE UNIVERSIDAD;HOMBRE;10
2023;PDI;CIENCIA ANIMAL;CATEDRÁTICO DE UNIVERSIDAD;MUJER;5
2023;PDI;CIENCIA ANIMAL;PROFESOR ASOCIADO;HOMBRE;2
2023;PDI;CIENCIA ANIMAL;PROFESOR AYUDANTE DOCTOR;MUJER;1
2023;PDI;CIENCIA ANIMAL;PROFESOR TITULAR DE UNIVERSIDAD;HOMBRE;4
2023;PDI;CIENCIA ANIMAL;PROFESOR TITULAR DE UNIVERSIDAD;MUJER;3
2023;PDI;COMPOSICION ARQUITECTONICA;CATEDRÁTICO DE UNIVERSIDAD;HOMBRE;2
2023;PDI;COMPOSICION ARQUITECTONICA;CATEDRÁTICO DE UNIVERSIDAD;MUJER;1
2023;PDI;COMPOSICION ARQUITECTONICA;PROFESOR ASOCIADO;HOMBRE;5
2023;PDI;COMPOSICION ARQUITECTONICA;PROFESOR ASOCIADO;MUJER;6
2023;PDI;COMPOSICION ARQUITECTONICA;PROFESOR AYUDANTE DOCTOR;MUJER;1
2023;PDI;COMPOSICION ARQUITECTONICA;PROFESOR CONTRATADO DOCTOR;HOMBRE;1
2023;PDI;COMPOSICION ARQUITECTONICA;PROFESOR TITULAR DE UNIVERSIDAD;HOMBRE;7
2023;PDI;COMPOSICION ARQUITECTONICA;PROFESOR TITULAR DE UNIVERSIDAD;MUJER;3
2023;PDI;COMPOSICION ARQUITECTONICA;PROFESOR/A PERMANENTE LABORAL TITULAR;HOMBRE;2
2023;PDI;COMPOSICION ARQUITECTONICA;PROFESOR/A PERMANENTE LABORAL TITULAR;MUJER;1
2023;PDI;COMUNICACION AUDIOVISUAL, DOCUMENTACION E HISTORIA DEL ARTE;CATEDRÁTICO DE UNIVERSIDAD;HOMBRE;7
2023;PDI;COMUNICACION AUDIOVISUAL, DOCUMENTACION E HISTORIA DEL ARTE;CATEDRÁTICO DE UNIVERSIDAD;MUJER;4
2023;PDI;COMUNICACION AUDIOVISUAL, DOCUMENTACION E HISTORIA DEL ARTE;PROFESOR ASOCIADO;HOMBRE;10
2023;PDI;COMUNICACION AUDIOVISUAL, DOCUMENTACION E HISTORIA DEL ARTE;PROFESOR ASOCIADO;MUJER;2
2023;PDI;COMUNICACION AUDIOVISUAL, DOCUMENTACION E HISTORIA DEL ARTE;PROFESOR AYUDANTE DOCTOR;HOMBRE;1
2023;PDI;COMUNICACION AUDIOVISUAL, DOCUMENTACION E HISTORIA DEL ARTE;PROFESOR AYUDANTE DOCTOR;MUJER;2
2023;PDI;COMUNICACION AUDIOVISUAL, DOCUMENTACION E HISTORIA DEL ARTE;PROFESOR COLABORADOR;HOMBRE;1
2023;PDI;COMUNICACION AUDIOVISUAL, DOCUMENTACION E HISTORIA DEL ARTE;PROFESOR COLABORADOR;MUJER;1
2023;PDI;COMUNICACION AUDIOVISUAL, DOCUMENTACION E HISTORIA DEL ARTE;PROFESOR CONTRATADO DOCTOR;HOMBRE;2
2023;PDI;COMUNICACION AUDIOVISUAL, DOCUMENTACION E HISTORIA DEL ARTE;PROFESOR CONTRATADO DOCTOR;MUJER;3
2023;PDI;COMUNICACION AUDIOVISUAL, DOCUMENTACION E HISTORIA DEL ARTE;PROFESOR TITULAR DE ESCUELA UNIVERSITARIA;MUJER;2
2023;PDI;COMUNICACION AUDIOVISUAL, DOCUMENTACION E HISTORIA DEL ARTE;PROFESOR TITULAR DE UNIVERSIDAD;HOMBRE;12
2023;PDI;COMUNICACION AUDIOVISUAL, DOCUMENTACION E HISTORIA DEL ARTE;PROFESOR TITULAR DE UNIVERSIDAD;MUJER;5
2023;PDI;COMUNICACION AUDIOVISUAL, DOCUMENTACION E HISTORIA DEL ARTE;PROFESOR/A PERMANENTE LABORAL TITULAR;HOMBRE;3
2023;PDI;COMUNICACION AUDIOVISUAL, DOCUMENTACION E HISTORIA DEL ARTE;PROFESOR/A PERMANENTE LABORAL TITULAR;MUJER;1
2023;PDI;COMUNICACIONES;CATEDRÁTICO DE UNIVERSIDAD;HOMBRE;43
2023;PDI;COMUNICACIONES;CATEDRÁTICO DE UNIVERSIDAD;MUJER;5
2023;PDI;COMUNICACIONES;PROFESOR ASOCIADO;HOMBRE;5
2023;PDI;COMUNICACIONES;PROFESOR ASOCIADO;MUJER;1
2023;PDI;COMUNICACIONES;PROFESOR COLABORADOR;HOMBRE;2
2023;PDI;COMUNICACIONES;PROFESOR CONTRATADO DOCTOR;HOMBRE;1
2023;PDI;COMUNICACIONES;PROFESOR EMÉRITO;HOMBRE;2
2023;PDI;COMUNICACIONES;PROFESOR TITULAR DE ESCUELA UNIVERSITARIA;HOMBRE;3
2023;PDI;COMUNICACIONES;PROFESOR TITULAR DE ESCUELA UNIVERSITARIA;MUJER;2
2023;PDI;COMUNICACIONES;PROFESOR TITULAR DE UNIVERSIDAD;HOMBRE;28
2023;PDI;COMUNICACIONES;PROFESOR TITULAR DE UNIVERSIDAD;MUJER;6
2023;PDI;COMUNICACIONES;PROFESOR/A PERMANENTE LABORAL TITULAR;HOMBRE;1
2023;PDI;COMUNICACIONES;PROFESOR/A PERMANENTE LABORAL TITULAR;MUJER;1
2023;PDI;CONSERVACION Y RESTAURACION DE BIENES CULTURALES;CATEDRÁTICO DE UNIVERSIDAD;HOMBRE;3
2023;PDI;CONSERVACION Y RESTAURACION DE BIENES CULTURALES;CATEDRÁTICO DE UNIVERSIDAD;MUJER;6
2023;PDI;CONSERVACION Y RESTAURACION DE BIENES CULTURALES;PROFESOR ASOCIADO;MUJER;5
2023;PDI;CONSERVACION Y RESTAURACION DE BIENES CULTURALES;PROFESOR EMÉRITO;MUJER;1
2023;PDI;CONSERVACION Y RESTAURACION DE BIENES CULTURALES;PROFESOR TITULAR DE UNIVERSIDAD;HOMBRE;4
2023;PDI;CONSERVACION Y RESTAURACION DE BIENES CULTURALES;PROFESOR TITULAR DE UNIVERSIDAD;MUJER;13
2023;PDI;CONSERVACION Y RESTAURACION DE BIENES CULTURALES;PROFESOR/A PERMANENTE LABORAL TITULAR;HOMBRE;2
2023;PDI;CONSERVACION Y RESTAURACION DE BIENES CULTURALES;PROFESOR/A PERMANENTE LABORAL TITULAR;MUJER;2
2023;PDI;CONSTRUCCIONES ARQUITECTONICAS;CATEDRÁTICO DE UNIVERSIDAD;HOMBRE;3
2023;PDI;CONSTRUCCIONES ARQUITECTONICAS;PROFESOR ASOCIADO;HOMBRE;19
2023;PDI;CONSTRUCCIONES ARQUITECTONICAS;PROFESOR ASOCIADO;MUJER;10
2023;PDI;CONSTRUCCIONES ARQUITECTONICAS;PROFESOR AYUDANTE DOCTOR;HOMBRE;2
2023;PDI;CONSTRUCCIONES ARQUITECTONICAS;PROFESOR AYUDANTE DOCTOR;MUJER;1
2023;PDI;CONSTRUCCIONES ARQUITECTONICAS;PROFESOR COLABORADOR;HOMBRE;2
2023;PDI;CONSTRUCCIONES ARQUITECTONICAS;PROFESOR COLABORADOR;MUJER;4
2023;PDI;CONSTRUCCIONES ARQUITECTONICAS;PROFESOR CONTRATADO DOCTOR;HOMBRE;3
2023;PDI;CONSTRUCCIONES ARQUITECTONICAS;PROFESOR CONTRATADO DOCTOR;MUJER;2
2023;PDI;CONSTRUCCIONES ARQUITECTONICAS;PROFESOR TITULAR DE ESCUELA UNIVERSITARIA;HOMBRE;4
2023;PDI;CONSTRUCCIONES ARQUITECTONICAS;PROFESOR TITULAR DE ESCUELA UNIVERSITARIA;MUJER;4
2023;PDI;CONSTRUCCIONES ARQUITECTONICAS;PROFESOR TITULAR DE UNIVERSIDAD;HOMBRE;11
2023;PDI;CONSTRUCCIONES ARQUITECTONICAS;PROFESOR TITULAR DE UNIVERSIDAD;MUJER;3
2023;PDI;CONSTRUCCIONES ARQUITECTONICAS;PROFESOR/A PERMANENTE LABORAL TITULAR;HOMBRE;2
2023;PDI;DIBUJO;CATEDRÁTICO DE UNIVERSIDAD;HOMBRE;1
2023;PDI;DIBUJO;CATEDRÁTICO DE UNIVERSIDAD;MUJER;1
2023;PDI;DIBUJO;PROFESOR ASOCIADO;HOMBRE;15
2023;PDI;DIBUJO;PROFESOR ASOCIADO;MUJER;10
2023;PDI;DIBUJO;PROFESOR AYUDANTE DOCTOR;HOMBRE;1
2023;PDI;DIBUJO;PROFESOR AYUDANTE DOCTOR;MUJER;1
2023;PDI;DIBUJO;PROFESOR COLABORADOR;MUJER;1
2023;PDI;DIBUJO;PROFESOR CONTRATADO DOCTOR;MUJER;3
2023;PDI;DIBUJO;PROFESOR EMÉRITO;MUJER;1
2023;PDI;DIBUJO;PROFESOR TITULAR DE UNIVERSIDAD;HOMBRE;12
2023;PDI;DIBUJO;PROFESOR TITULAR DE UNIVERSIDAD;MUJER;12
2023;PDI;DIBUJO;PROFESOR/A PERMANENTE LABORAL TITULAR;HOMBRE;9
2023;PDI;DIBUJO;PROFESOR/A PERMANENTE LABORAL TITULAR;MUJER;4
2023;PDI;ECONOMIA Y CIENCIAS SOCIALES;CATEDRÁTICO DE UNIVERSIDAD;HOMBRE;12
2023;PDI;ECONOMIA Y CIENCIAS SOCIALES;CATEDRÁTICO DE UNIVERSIDAD;MUJER;1
2023;PDI;ECONOMIA Y CIENCIAS SOCIALES;PROFESOR ASOCIADO;HOMBRE;27
2023;PDI;ECONOMIA Y CIENCIAS SOCIALES;PROFESOR ASOCIADO;MUJER;26
2023;PDI;ECONOMIA Y CIENCIAS SOCIALES;PROFESOR AYUDANTE DOCTOR;HOMBRE;3
2023;PDI;ECONOMIA Y CIENCIAS SOCIALES;PROFESOR AYUDANTE DOCTOR;MUJER;1
2023;PDI;ECONOMIA Y CIENCIAS SOCIALES;PROFESOR COLABORADOR;MUJER;1
2023;PDI;ECONOMIA Y CIENCIAS SOCIALES;PROFESOR CONTRATADO DOCTOR;HOMBRE;6
2023;PDI;ECONOMIA Y CIENCIAS SOCIALES;PROFESOR CONTRATADO DOCTOR;MUJER;4
2023;PDI;ECONOMIA Y CIENCIAS SOCIALES;PROFESOR EMÉRITO;HOMBRE;1
2023;PDI;ECONOMIA Y CIENCIAS SOCIALES;PROFESOR TITULAR DE ESCUELA UNIVERSITARIA;HOMBRE;1
2023;PDI;ECONOMIA Y CIENCIAS SOCIALES;PROFESOR TITULAR DE UNIVERSIDAD;HOMBRE;13
2023;PDI;ECONOMIA Y CIENCIAS SOCIALES;PROFESOR TITULAR DE UNIVERSIDAD;MUJER;20
2023;PDI;ECONOMIA Y CIENCIAS SOCIALES;PROFESOR/A PERMANENTE LABORAL TITULAR;HOMBRE;3
2023;PDI;ECONOMIA Y CIENCIAS SOCIALES;PROFESOR/A PERMANENTE LABORAL TITULAR;MUJER;3
2023;PDI;ECOSISTEMAS AGROFORESTALES;CATEDRÁTICO DE UNIVERSIDAD;HOMBRE;1
2023;PDI;ECOSISTEMAS AGROFORESTALES;CATEDRÁTICO DE UNIVERSIDAD;MUJER;2
2023;PDI;ECOSISTEMAS AGROFORESTALES;PROFESOR ASOCIADO;HOMBRE;1
2023;PDI;ECOSISTEMAS AGROFORESTALES;PROFESOR ASOCIADO;MUJER;2
2023;PDI;ECOSISTEMAS AGROFORESTALES;PROFESOR AYUDANTE DOCTOR;MUJER;1
2023;PDI;ECOSISTEMAS AGROFORESTALES;PROFESOR TITULAR DE ESCUELA UNIVERSITARIA;MUJER;1
2023;PDI;ECOSISTEMAS AGROFORESTALES;PROFESOR TITULAR DE UNIVERSIDAD;HOMBRE;3
2023;PDI;ECOSISTEMAS AGROFORESTALES;PROFESOR TITULAR DE UNIVERSIDAD;MUJER;7
2023;PDI;ESCULTURA;CATEDRÁTICO DE UNIVERSIDAD;HOMBRE;4
2023;PDI;ESCULTURA;CATEDRÁTICO DE UNIVERSIDAD;MUJER;3
2023;PDI;ESCULTURA;PROFESOR ASOCIADO;HOMBRE;12
2023;PDI;ESCULTURA;PROFESOR ASOCIADO;MUJER;3
2023;PDI;ESCULTURA;PROFESOR AYUDANTE DOCTOR;HOMBRE;1
2023;PDI;ESCULTURA;PROFESOR CONTRATADO DOCTOR;MUJER;2
2023;PDI;ESCULTURA;PROFESOR TITULAR DE ESCUELA UNIVERSITARIA;HOMBRE;2
2023;PDI;ESCULTURA;PROFESOR TITULAR DE UNIVERSIDAD;HOMBRE;6
2023;PDI;ESCULTURA;PROFESOR TITULAR DE UNIVERSIDAD;MUJER;16
2023;PDI;ESCULTURA;PROFESOR/A PERMANENTE LABORAL TITULAR;HOMBRE;2
2023;PDI;ESTADISTICA E INVESTIGACION OPERATIVA APLICADAS Y CALIDAD;CATEDRÁTICO DE UNIVERSIDAD;HOMBRE;6
2023;PDI;ESTADISTICA E INVESTIGACION OPERATIVA APLICADAS Y CALIDAD;CATEDRÁTICO DE UNIVERSIDAD;MUJER;2
2023;PDI;ESTADISTICA E INVESTIGACION OPERATIVA APLICADAS Y CALIDAD;PROFESOR ASOCIADO;HOMBRE;13
2023;PDI;ESTADISTICA E INVESTIGACION OPERATIVA APLICADAS Y CALIDAD;PROFESOR ASOCIADO;MUJER;8
2023;PDI;ESTADISTICA E INVESTIGACION OPERATIVA APLICADAS Y CALIDAD;PROFESOR AYUDANTE DOCTOR;HOMBRE;3
2023;PDI;ESTADISTICA E INVESTIGACION OPERATIVA APLICADAS Y CALIDAD;PROFESOR AYUDANTE DOCTOR;MUJER;1
2023;PDI;ESTADISTICA E INVESTIGACION OPERATIVA APLICADAS Y CALIDAD;PROFESOR COLABORADOR;MUJER;1
2023;PDI;ESTADISTICA E INVESTIGACION OPERATIVA APLICADAS Y CALIDAD;PROFESOR CONTRATADO DOCTOR;HOMBRE;1
2023;PDI;ESTADISTICA E INVESTIGACION OPERATIVA APLICADAS Y CALIDAD;PROFESOR CONTRATADO DOCTOR;MUJER;1
2023;PDI;ESTADISTICA E INVESTIGACION OPERATIVA APLICADAS Y CALIDAD;PROFESOR TITULAR DE ESCUELA UNIVERSITARIA;HOMBRE;1
2023;PDI;ESTADISTICA E INVESTIGACION OPERATIVA APLICADAS Y CALIDAD;PROFESOR TITULAR DE UNIVERSIDAD;HOMBRE;10
2023;PDI;ESTADISTICA E INVESTIGACION OPERATIVA APLICADAS Y CALIDAD;PROFESOR TITULAR DE UNIVERSIDAD;MUJER;13
2023;PDI;ESTADISTICA E INVESTIGACION OPERATIVA APLICADAS Y CALIDAD;PROFESOR/A PERMANENTE LABORAL TITULAR;HOMBRE;2
2023;PDI;ESTADISTICA E INVESTIGACION OPERATIVA APLICADAS Y CALIDAD;PROFESOR/A PERMANENTE LABORAL TITULAR;MUJER;3
2023;PDI;EXPRESION GRAFICA ARQUITECTONICA;CATEDRÁTICO DE ESCUELA UNIVERSITARIA;MUJER;1
2023;PDI;EXPRESION GRAFICA ARQUITECTONICA;CATEDRÁTICO DE UNIVERSIDAD;HOMBRE;2
2023;PDI;EXPRESION GRAFICA ARQUITECTONICA;PROFESOR ASOCIADO;HOMBRE;19
2023;PDI;EXPRESION GRAFICA ARQUITECTONICA;PROFESOR ASOCIADO;MUJER;9
2023;PDI;EXPRESION GRAFICA ARQUITECTONICA;PROFESOR AYUDANTE DOCTOR;HOMBRE;4
2023;PDI;EXPRESION GRAFICA ARQUITECTONICA;PROFESOR COLABORADOR;HOMBRE;2
2023;PDI;EXPRESION GRAFICA ARQUITECTONICA;PROFESOR CONTRATADO DOCTOR;MUJER;1
2023;PDI;EXPRESION GRAFICA ARQUITECTONICA;PROFESOR TITULAR DE ESCUELA UNIVERSITARIA;HOMBRE;3
2023;PDI;EXPRESION GRAFICA ARQUITECTONICA;PROFESOR TITULAR DE ESCUELA UNIVERSITARIA;MUJER;1
2023;PDI;EXPRESION GRAFICA ARQUITECTONICA;PROFESOR TITULAR DE UNIVERSIDAD;HOMBRE;12
2023;PDI;EXPRESION GRAFICA ARQUITECTONICA;PROFESOR TITULAR DE UNIVERSIDAD;MUJER;6
2023;PDI;EXPRESION GRAFICA ARQUITECTONICA;PROFESOR/A PERMANENTE LABORAL TITULAR;HOMBRE;3
2023;PDI;EXPRESION GRAFICA ARQUITECTONICA;PROFESOR/A PERMANENTE LABORAL TITULAR;MUJER;1
2023;PDI;FISICA APLICADA;CATEDRÁTICO DE ESCUELA UNIVERSITARIA;HOMBRE;1
2023;PDI;FISICA APLICADA;CATEDRÁTICO DE UNIVERSIDAD;HOMBRE;24
2023;PDI;FISICA APLICADA;CATEDRÁTICO DE UNIVERSIDAD;MUJER;3
2023;PDI;FISICA APLICADA;PROFESOR ASOCIADO;HOMBRE;9
2023;PDI;FISICA APLICADA;PROFESOR ASOCIADO;MUJER;6
2023;PDI;FISICA APLICADA;PROFESOR AYUDANTE DOCTOR;HOMBRE;2
2023;PDI;FISICA APLICADA;PROFESOR AYUDANTE DOCTOR;MUJER;2
2023;PDI;FISICA APLICADA;PROFESOR COLABORADOR;MUJER;1
2023;PDI;FISICA APLICADA;PROFESOR CONTRATADO DOCTOR;MUJER;1
2023;PDI;FISICA APLICADA;PROFESOR EMÉRITO;HOMBRE;1
2023;PDI;FISICA APLICADA;PROFESOR TITULAR DE ESCUELA UNIVERSITARIA;HOMBRE;4
2023;PDI;FISICA APLICADA;PROFESOR TITULAR DE ESCUELA UNIVERSITARIA;MUJER;1
2023;PDI;FISICA APLICADA;PROFESOR TITULAR DE UNIVERSIDAD;HOMBRE;28
2023;PDI;FISICA APLICADA;PROFESOR TITULAR DE UNIVERSIDAD;MUJER;7
2023;PDI;FISICA APLICADA;PROFESOR/A PERMANENTE LABORAL TITULAR;HOMBRE;1
2023;PDI;FISICA APLICADA;PROFESOR/A PERMANENTE LABORAL TITULAR;MUJER;3
2023;PDI;INFORMATICA DE SISTEMAS Y COMPUTADORES;CATEDRÁTICO DE UNIVERSIDAD;HOMBRE;20
2023;PDI;INFORMATICA DE SISTEMAS Y COMPUTADORES;CATEDRÁTICO DE UNIVERSIDAD;MUJER;1
2023;PDI;INFORMATICA DE SISTEMAS Y COMPUTADORES;PROFESOR ASOCIADO;HOMBRE;7
2023;PDI;INFORMATICA DE SISTEMAS Y COMPUTADORES;PROFESOR ASOCIADO;MUJER;3
2023;PDI;INFORMATICA DE SISTEMAS Y COMPUTADORES;PROFESOR CONTRATADO DOCTOR;HOMBRE;4
2023;PDI;INFORMATICA DE SISTEMAS Y COMPUTADORES;PROFESOR TITULAR DE ESCUELA UNIVERSITARIA;HOMBRE;8
2023;PDI;INFORMATICA DE SISTEMAS Y COMPUTADORES;PROFESOR TITULAR DE ESCUELA UNIVERSITARIA;MUJER;1
2023;PDI;INFORMATICA DE SISTEMAS Y COMPUTADORES;PROFESOR TITULAR DE UNIVERSIDAD;HOMBRE;31
2023;PDI;INFORMATICA DE SISTEMAS Y COMPUTADORES;PROFESOR TITULAR DE UNIVERSIDAD;MUJER;10
2023;PDI;INFORMATICA DE SISTEMAS Y COMPUTADORES;PROFESOR/A PERMANENTE LABORAL TITULAR;HOMBRE;5
2023;PDI;INGENIERIA CARTOGRAFICA, GEODESIA Y FOTOGRAMETRIA;CATEDRÁTICO DE ESCUELA UNIVERSITARIA;HOMBRE;1
2023;PDI;INGENIERIA CARTOGRAFICA, GEODESIA Y FOTOGRAMETRIA;CATEDRÁTICO DE UNIVERSIDAD;HOMBRE;6
2023;PDI;INGENIERIA CARTOGRAFICA, GEODESIA Y FOTOGRAMETRIA;CATEDRÁTICO DE UNIVERSIDAD;MUJER;1
2023;PDI;INGENIERIA CARTOGRAFICA, GEODESIA Y FOTOGRAMETRIA;PROFESOR COLABORADOR;HOMBRE;1
2023;PDI;INGENIERIA CARTOGRAFICA, GEODESIA Y FOTOGRAMETRIA;PROFESOR TITULAR DE ESCUELA UNIVERSITARIA;HOMBRE;2
2023;PDI;INGENIERIA CARTOGRAFICA, GEODESIA Y FOTOGRAMETRIA;PROFESOR TITULAR DE ESCUELA UNIVERSITARIA;MUJER;1
2023;PDI;INGENIERIA CARTOGRAFICA, GEODESIA Y FOTOGRAMETRIA;PROFESOR TITULAR DE UNIVERSIDAD;HOMBRE;17
2023;PDI;INGENIERIA CARTOGRAFICA, GEODESIA Y FOTOGRAMETRIA;PROFESOR TITULAR DE UNIVERSIDAD;MUJER;5
2023;PDI;INGENIERIA CARTOGRAFICA, GEODESIA Y FOTOGRAMETRIA;PROFESOR/A PERMANENTE LABORAL TITULAR;HOMBRE;2
2023;PDI;INGENIERIA CARTOGRAFICA, GEODESIA Y FOTOGRAMETRIA;PROFESOR/A PERMANENTE LABORAL TITULAR;MUJER;3
2023;PDI;INGENIERIA DE LA CONSTRUCCION Y DE  PROYECTOS  DE INGENIERIA CIVIL;CATEDRÁTICO DE UNIVERSIDAD;HOMBRE;17
2023;PDI;INGENIERIA DE LA CONSTRUCCION Y DE  PROYECTOS  DE INGENIERIA CIVIL;CATEDRÁTICO DE UNIVERSIDAD;MUJER;1
2023;PDI;INGENIERIA DE LA CONSTRUCCION Y DE  PROYECTOS  DE INGENIERIA CIVIL;PROFESOR ASOCIADO;HOMBRE;19
2023;PDI;INGENIERIA DE LA CONSTRUCCION Y DE  PROYECTOS  DE INGENIERIA CIVIL;PROFESOR ASOCIADO;MUJER;5
2023;PDI;INGENIERIA DE LA CONSTRUCCION Y DE  PROYECTOS  DE INGENIERIA CIVIL;PROFESOR CONTRATADO DOCTOR;MUJER;2
2023;PDI;INGENIERIA DE LA CONSTRUCCION Y DE  PROYECTOS  DE INGENIERIA CIVIL;PROFESOR TITULAR DE ESCUELA UNIVERSITARIA;HOMBRE;1
2023;PDI;INGENIERIA DE LA CONSTRUCCION Y DE  PROYECTOS  DE INGENIERIA CIVIL;PROFESOR TITULAR DE UNIVERSIDAD;HOMBRE;7
2023;PDI;INGENIERIA DE LA CONSTRUCCION Y DE  PROYECTOS  DE INGENIERIA CIVIL;PROFESOR TITULAR DE UNIVERSIDAD;MUJER;8
2023;PDI;INGENIERIA DE LA CONSTRUCCION Y DE  PROYECTOS  DE INGENIERIA CIVIL;PROFESOR/A PERMANENTE LABORAL TITULAR;HOMBRE;1
2023;PDI;INGENIERIA DE SISTEMAS Y AUTOMATICA;CATEDRÁTICO DE UNIVERSIDAD;HOMBRE;15
2023;PDI;INGENIERIA DE SISTEMAS Y AUTOMATICA;PROFESOR ASOCIADO;HOMBRE;5
2023;PDI;INGENIERIA DE SISTEMAS Y AUTOMATICA;PROFESOR AYUDANTE DOCTOR;HOMBRE;3
2023;PDI;INGENIERIA DE SISTEMAS Y AUTOMATICA;PROFESOR CONTRATADO DOCTOR;HOMBRE;1
2023;PDI;INGENIERIA DE SISTEMAS Y AUTOMATICA;PROFESOR TITULAR DE ESCUELA UNIVERSITARIA;HOMBRE;2
2023;PDI;INGENIERIA DE SISTEMAS Y AUTOMATICA;PROFESOR TITULAR DE UNIVERSIDAD;HOMBRE;20
2023;PDI;INGENIERIA DE SISTEMAS Y AUTOMATICA;PROFESOR TITULAR DE UNIVERSIDAD;MUJER;2
2023;PDI;INGENIERIA DE SISTEMAS Y AUTOMATICA;PROFESOR/A PERMANENTE LABORAL TITULAR;HOMBRE;1
2023;PDI;INGENIERIA DEL TERRENO;PROFESOR ASOCIADO;HOMBRE;3
2023;PDI;INGENIERIA DEL TERRENO;PROFESOR CONTRATADO DOCTOR;HOMBRE;1
2023;PDI;INGENIERIA DEL TERRENO;PROFESOR TITULAR DE ESCUELA UNIVERSITARIA;HOMBRE;2
2023;PDI;INGENIERIA DEL TERRENO;PROFESOR TITULAR DE UNIVERSIDAD;HOMBRE;3
2023;PDI;INGENIERIA DEL TERRENO;PROFESOR TITULAR DE UNIVERSIDAD;MUJER;1
2023;PDI;INGENIERIA DEL TERRENO;PROFESOR/A PERMANENTE LABORAL TITULAR;HOMBRE;1
2023;PDI;INGENIERIA E INFRAESTRUCTURA DE LOS TRANSPORTES;CATEDRÁTICO DE UNIVERSIDAD;HOMBRE;7
2023;PDI;INGENIERIA E INFRAESTRUCTURA DE LOS TRANSPORTES;PROFESOR ASOCIADO;HOMBRE;13
2023;PDI;INGENIERIA E INFRAESTRUCTURA DE LOS TRANSPORTES;PROFESOR ASOCIADO;MUJER;1
2023;PDI;INGENIERIA E INFRAESTRUCTURA DE LOS TRANSPORTES;PROFESOR CONTRATADO DOCTOR;HOMBRE;1
2023;PDI;INGENIERIA E INFRAESTRUCTURA DE LOS TRANSPORTES;PROFESOR TITULAR DE UNIVERSIDAD;HOMBRE;4
2023;PDI;INGENIERIA E INFRAESTRUCTURA DE LOS TRANSPORTES;PROFESOR TITULAR DE UNIVERSIDAD;MUJER;3
2023;PDI;INGENIERIA E INFRAESTRUCTURA DE LOS TRANSPORTES;PROFESOR/A PERMANENTE LABORAL TITULAR;HOMBRE;1
2023;PDI;INGENIERIA E INFRAESTRUCTURA DE LOS TRANSPORTES;PROFESOR/A PERMANENTE LABORAL TITULAR;MUJER;1
2023;PDI;INGENIERIA ELECTRICA;CATEDRÁTICO DE ESCUELA UNIVERSITARIA;HOMBRE;4
2023;PDI;INGENIERIA ELECTRICA;CATEDRÁTICO DE UNIVERSIDAD;HOMBRE;5
2023;PDI;INGENIERIA ELECTRICA;CATEDRÁTICO DE UNIVERSIDAD;MUJER;1
2023;PDI;INGENIERIA ELECTRICA;PROFESOR ASOCIADO;HOMBRE;11
2023;PDI;INGENIERIA ELECTRICA;PROFESOR AYUDANTE DOCTOR;HOMBRE;2
2023;PDI;INGENIERIA ELECTRICA;PROFESOR AYUDANTE DOCTOR;MUJER;1
2023;PDI;INGENIERIA ELECTRICA;PROFESOR CONTRATADO DOCTOR;HOMBRE;1
2023;PDI;INGENIERIA ELECTRICA;PROFESOR TITULAR DE ESCUELA UNIVERSITARIA;HOMBRE;3
2023;PDI;INGENIERIA ELECTRICA;PROFESOR TITULAR DE ESCUELA UNIVERSITARIA;MUJER;1
2023;PDI;INGENIERIA ELECTRICA;PROFESOR TITULAR DE UNIVERSIDAD;HOMBRE;20
2023;PDI;INGENIERIA ELECTRICA;PROFESOR TITULAR DE UNIVERSIDAD;MUJER;3
2023;PDI;INGENIERIA ELECTRICA;PROFESOR/A PERMANENTE LABORAL TITULAR;HOMBRE;1
2023;PDI;INGENIERIA ELECTRONICA;CATEDRÁTICO DE UNIVERSIDAD;HOMBRE;18
2023;PDI;INGENIERIA ELECTRONICA;CATEDRÁTICO DE UNIVERSIDAD;MUJER;2
2023;PDI;INGENIERIA ELECTRONICA;PROFESOR ASOCIADO;HOMBRE;10
2023;PDI;INGENIERIA ELECTRONICA;PROFESOR ASOCIADO;MUJER;2
2023;PDI;INGENIERIA ELECTRONICA;PROFESOR AYUDANTE DOCTOR;HOMBRE;1
2023;PDI;INGENIERIA ELECTRONICA;PROFESOR AYUDANTE DOCTOR;MUJER;2
2023;PDI;INGENIERIA ELECTRONICA;PROFESOR TITULAR DE ESCUELA UNIVERSITARIA;HOMBRE;4
2023;PDI;INGENIERIA ELECTRONICA;PROFESOR TITULAR DE UNIVERSIDAD;HOMBRE;36
2023;PDI;INGENIERIA ELECTRONICA;PROFESOR TITULAR DE UNIVERSIDAD;MUJER;9
2023;PDI;INGENIERIA ELECTRONICA;PROFESOR/A PERMANENTE LABORAL TITULAR;HOMBRE;6
2023;PDI;INGENIERÍA GRÁFICA;CATEDRÁTICO DE UNIVERSIDAD;HOMBRE;4
2023;PDI;INGENIERÍA GRÁFICA;CATEDRÁTICO DE UNIVERSIDAD;MUJER;2
2023;PDI;INGENIERÍA GRÁFICA;PROFESOR ASOCIADO;HOMBRE;18
2023;PDI;INGENIERÍA GRÁFICA;PROFESOR ASOCIADO;MUJER;8
2023;PDI;INGENIERÍA GRÁFICA;PROFESOR AYUDANTE DOCTOR;MUJER;1
2023;PDI;INGENIERÍA GRÁFICA;PROFESOR CONTRATADO DOCTOR;HOMBRE;2
2023;PDI;INGENIERÍA GRÁFICA;PROFESOR CONTRATADO DOCTOR;MUJER;3
2023;PDI;INGENIERÍA GRÁFICA;PROFESOR TITULAR DE ESCUELA UNIVERSITARIA;HOMBRE;3
2023;PDI;INGENIERÍA GRÁFICA;PROFESOR TITULAR DE ESCUELA UNIVERSITARIA;MUJER;1
2023;PDI;INGENIERÍA GRÁFICA;PROFESOR TITULAR DE UNIVERSIDAD;HOMBRE;8
2023;PDI;INGENIERÍA GRÁFICA;PROFESOR TITULAR DE UNIVERSIDAD;MUJER;6
2023;PDI;INGENIERÍA GRÁFICA;PROFESOR/A PERMANENTE LABORAL TITULAR;HOMBRE;4
2023;PDI;INGENIERÍA GRÁFICA;PROFESOR/A PERMANENTE LABORAL TITULAR;MUJER;1
2023;PDI;INGENIERIA HIDRAULICA Y MEDIO AMBIENTE;CATEDRÁTICO DE UNIVERSIDAD;HOMBRE;18
2023;PDI;INGENIERIA HIDRAULICA Y MEDIO AMBIENTE;CATEDRÁTICO DE UNIVERSIDAD;MUJER;1
2023;PDI;INGENIERIA HIDRAULICA Y MEDIO AMBIENTE;PROFESOR ASOCIADO;HOMBRE;18
2023;PDI;INGENIERIA HIDRAULICA Y MEDIO AMBIENTE;PROFESOR ASOCIADO;MUJER;11
2023;PDI;INGENIERIA HIDRAULICA Y MEDIO AMBIENTE;PROFESOR AYUDANTE DOCTOR;HOMBRE;1
2023;PDI;INGENIERIA HIDRAULICA Y MEDIO AMBIENTE;PROFESOR AYUDANTE DOCTOR;MUJER;1
2023;PDI;INGENIERIA HIDRAULICA Y MEDIO AMBIENTE;PROFESOR COLABORADOR;HOMBRE;1
2023;PDI;INGENIERIA HIDRAULICA Y MEDIO AMBIENTE;PROFESOR CONTRATADO DOCTOR;HOMBRE;1
2023;PDI;INGENIERIA HIDRAULICA Y MEDIO AMBIENTE;PROFESOR TITULAR DE ESCUELA UNIVERSITARIA;HOMBRE;2
2023;PDI;INGENIERIA HIDRAULICA Y MEDIO AMBIENTE;PROFESOR TITULAR DE UNIVERSIDAD;HOMBRE;19
2023;PDI;INGENIERIA HIDRAULICA Y MEDIO AMBIENTE;PROFESOR TITULAR DE UNIVERSIDAD;MUJER;4
2023;PDI;INGENIERIA MECANICA Y DE MATERIALES;CATEDRÁTICO DE UNIVERSIDAD;HOMBRE;16
2023;PDI;INGENIERIA MECANICA Y DE MATERIALES;CATEDRÁTICO DE UNIVERSIDAD;MUJER;2
2023;PDI;INGENIERIA MECANICA Y DE MATERIALES;PROFESOR ASOCIADO;HOMBRE;26
2023;PDI;INGENIERIA MECANICA Y DE MATERIALES;PROFESOR ASOCIADO;MUJER;5
2023;PDI;INGENIERIA MECANICA Y DE MATERIALES;PROFESOR AYUDANTE DOCTOR;HOMBRE;1
2023;PDI;INGENIERIA MECANICA Y DE MATERIALES;PROFESOR COLABORADOR;HOMBRE;1
2023;PDI;INGENIERIA MECANICA Y DE MATERIALES;PROFESOR COLABORADOR;MUJER;2
2023;PDI;INGENIERIA MECANICA Y DE MATERIALES;PROFESOR CONTRATADO DOCTOR;HOMBRE;1
2023;PDI;INGENIERIA MECANICA Y DE MATERIALES;PROFESOR TITULAR DE ESCUELA UNIVERSITARIA;HOMBRE;3
2023;PDI;INGENIERIA MECANICA Y DE MATERIALES;PROFESOR TITULAR DE UNIVERSIDAD;HOMBRE;34
2023;PDI;INGENIERIA MECANICA Y DE MATERIALES;PROFESOR TITULAR DE UNIVERSIDAD;MUJER;8
2023;PDI;INGENIERIA MECANICA Y DE MATERIALES;PROFESOR/A PERMANENTE LABORAL TITULAR;HOMBRE;8
2023;PDI;INGENIERIA MECANICA Y DE MATERIALES;PROFESOR/A PERMANENTE LABORAL TITULAR;MUJER;3
2023;PDI;INGENIERIA QUIMICA Y NUCLEAR;CATEDRÁTICO DE ESCUELA UNIVERSITARIA;HOMBRE;1
2023;PDI;INGENIERIA QUIMICA Y NUCLEAR;CATEDRÁTICO DE UNIVERSIDAD;HOMBRE;11
2023;PDI;INGENIERIA QUIMICA Y NUCLEAR;CATEDRÁTICO DE UNIVERSIDAD;MUJER;3
2023;PDI;INGENIERIA QUIMICA Y NUCLEAR;PROFESOR ASOCIADO;HOMBRE;8
2023;PDI;INGENIERIA QUIMICA Y NUCLEAR;PROFESOR ASOCIADO;MUJER;8
2023;PDI;INGENIERIA QUIMICA Y NUCLEAR;PROFESOR AYUDANTE DOCTOR;MUJER;1
2023;PDI;INGENIERIA QUIMICA Y NUCLEAR;PROFESOR COLABORADOR;MUJER;1
2023;PDI;INGENIERIA QUIMICA Y NUCLEAR;PROFESOR EMÉRITO;HOMBRE;1
2023;PDI;INGENIERIA QUIMICA Y NUCLEAR;PROFESOR TITULAR DE UNIVERSIDAD;HOMBRE;8
2023;PDI;INGENIERIA QUIMICA Y NUCLEAR;PROFESOR TITULAR DE UNIVERSIDAD;MUJER;15
2023;PDI;INGENIERIA QUIMICA Y NUCLEAR;PROFESOR/A PERMANENTE LABORAL TITULAR;HOMBRE;1
2023;PDI;INGENIERIA QUIMICA Y NUCLEAR;PROFESOR/A PERMANENTE LABORAL TITULAR;MUJER;2
2023;PDI;INGENIERIA RURAL Y AGROALIMENTARIA;CATEDRÁTICO DE ESCUELA UNIVERSITARIA;HOMBRE;1
2023;PDI;INGENIERIA RURAL Y AGROALIMENTARIA;CATEDRÁTICO DE UNIVERSIDAD;HOMBRE;5
2023;PDI;INGENIERIA RURAL Y AGROALIMENTARIA;PROFESOR COLABORADOR;HOMBRE;2
2023;PDI;INGENIERIA RURAL Y AGROALIMENTARIA;PROFESOR TITULAR DE ESCUELA UNIVERSITARIA;HOMBRE;3
2023;PDI;INGENIERIA RURAL Y AGROALIMENTARIA;PROFESOR TITULAR DE UNIVERSIDAD;HOMBRE;10
2023;PDI;INGENIERIA RURAL Y AGROALIMENTARIA;PROFESOR TITULAR DE UNIVERSIDAD;MUJER;3
2023;PDI;INGENIERIA RURAL Y AGROALIMENTARIA;PROFESOR/A PERMANENTE LABORAL TITULAR;HOMBRE;1
2023;PDI;INGENIERIA RURAL Y AGROALIMENTARIA;PROFESOR/A PERMANENTE LABORAL TITULAR;MUJER;1
2023;PDI;INGENIERIA TEXTIL Y PAPELERA;CATEDRÁTICO DE UNIVERSIDAD;HOMBRE;2
2023;PDI;INGENIERIA TEXTIL Y PAPELERA;CATEDRÁTICO DE UNIVERSIDAD;MUJER;2
2023;PDI;INGENIERIA TEXTIL Y PAPELERA;PROFESOR ASOCIADO;HOMBRE;2
2023;PDI;INGENIERIA TEXTIL Y PAPELERA;PROFESOR ASOCIADO;MUJER;1
2023;PDI;INGENIERIA TEXTIL Y PAPELERA;PROFESOR CONTRATADO DOCTOR;HOMBRE;1
2023;PDI;INGENIERIA TEXTIL Y PAPELERA;PROFESOR TITULAR DE UNIVERSIDAD;HOMBRE;8
2023;PDI;INGENIERIA TEXTIL Y PAPELERA;PROFESOR TITULAR DE UNIVERSIDAD;MUJER;1
2023;PDI;INGENIERIA TEXTIL Y PAPELERA;PROFESOR/A PERMANENTE LABORAL TITULAR;MUJER;1
2023;PDI;LINGÜISTICA APLICADA;CATEDRÁTICO DE UNIVERSIDAD;HOMBRE;1
2023;PDI;LINGÜISTICA APLICADA;CATEDRÁTICO DE UNIVERSIDAD;MUJER;2
2023;PDI;LINGÜISTICA APLICADA;PROFESOR ASOCIADO;HOMBRE;9
2023;PDI;LINGÜISTICA APLICADA;PROFESOR ASOCIADO;MUJER;21
2023;PDI;LINGÜISTICA APLICADA;PROFESOR AYUDANTE DOCTOR;MUJER;4
2023;PDI;LINGÜISTICA APLICADA;PROFESOR COLABORADOR;MUJER;2
2023;PDI;LINGÜISTICA APLICADA;PROFESOR CONTRATADO DOCTOR;HOMBRE;1
2023;PDI;LINGÜISTICA APLICADA;PROFESOR CONTRATADO DOCTOR;MUJER;8
2023;PDI;LINGÜISTICA APLICADA;PROFESOR TITULAR DE ESCUELA UNIVERSITARIA;MUJER;6
2023;PDI;LINGÜISTICA APLICADA;PROFESOR TITULAR DE UNIVERSIDAD;HOMBRE;3
2023;PDI;LINGÜISTICA APLICADA;PROFESOR TITULAR DE UNIVERSIDAD;MUJER;16
2023;PDI;LINGÜISTICA APLICADA;PROFESOR/A PERMANENTE LABORAL TITULAR;MUJER;2
2023;PDI;MAQUINAS Y MOTORES TERMICOS;CATEDRÁTICO DE UNIVERSIDAD;HOMBRE;31
2023;PDI;MAQUINAS Y MOTORES TERMICOS;CATEDRÁTICO DE UNIVERSIDAD;MUJER;1
2023;PDI;MAQUINAS Y MOTORES TERMICOS;PROFESOR ASOCIADO;HOMBRE;2
2023;PDI;MAQUINAS Y MOTORES TERMICOS;PROFESOR ASOCIADO;MUJER;1
2023;PDI;MAQUINAS Y MOTORES TERMICOS;PROFESOR AYUDANTE DOCTOR;HOMBRE;2
2023;PDI;MAQUINAS Y MOTORES TERMICOS;PROFESOR CONTRATADO DOCTOR;HOMBRE;3
2023;PDI;MAQUINAS Y MOTORES TERMICOS;PROFESOR TITULAR DE UNIVERSIDAD;HOMBRE;8
2023;PDI;MAQUINAS Y MOTORES TERMICOS;PROFESOR TITULAR DE UNIVERSIDAD;MUJER;2
2023;PDI;MAQUINAS Y MOTORES TERMICOS;PROFESOR/A PERMANENTE LABORAL TITULAR;HOMBRE;2
2023;PDI;MAQUINAS Y MOTORES TERMICOS;PROFESOR/A PERMANENTE LABORAL TITULAR;MUJER;1
2023;PDI;MATEMATICA APLICADA;CATEDRÁTICO DE ESCUELA UNIVERSITARIA;HOMBRE;4
2023;PDI;MATEMATICA APLICADA;CATEDRÁTICO DE ESCUELA UNIVERSITARIA;MUJER;1
2023;PDI;MATEMATICA APLICADA;CATEDRÁTICO DE UNIVERSIDAD;HOMBRE;27
2023;PDI;MATEMATICA APLICADA;CATEDRÁTICO DE UNIVERSIDAD;MUJER;8
2023;PDI;MATEMATICA APLICADA;PROFESOR ASOCIADO;HOMBRE;11
2023;PDI;MATEMATICA APLICADA;PROFESOR ASOCIADO;MUJER;1
2023;PDI;MATEMATICA APLICADA;PROFESOR AYUDANTE DOCTOR;HOMBRE;1
2023;PDI;MATEMATICA APLICADA;PROFESOR AYUDANTE DOCTOR;MUJER;2
2023;PDI;MATEMATICA APLICADA;PROFESOR CONTRATADO DOCTOR;HOMBRE;1
2023;PDI;MATEMATICA APLICADA;PROFESOR EMÉRITO;HOMBRE;2
2023;PDI;MATEMATICA APLICADA;PROFESOR TITULAR DE ESCUELA UNIVERSITARIA;HOMBRE;1
2023;PDI;MATEMATICA APLICADA;PROFESOR TITULAR DE UNIVERSIDAD;HOMBRE;27
2023;PDI;MATEMATICA APLICADA;PROFESOR TITULAR DE UNIVERSIDAD;MUJER;32
2023;PDI;MATEMATICA APLICADA;PROFESOR/A PERMANENTE LABORAL TITULAR;HOMBRE;4
2023;PDI;MATEMATICA APLICADA;PROFESOR/A PERMANENTE LABORAL TITULAR;MUJER;4
2023;PDI;MECANICA DE LOS MEDIOS CONTINUOS Y TEORIA DE ESTRUCTURAS;CATEDRÁTICO DE UNIVERSIDAD;HOMBRE;3
2023;PDI;MECANICA DE LOS MEDIOS CONTINUOS Y TEORIA DE ESTRUCTURAS;PROFESOR ASOCIADO;HOMBRE;13
2023;PDI;MECANICA DE LOS MEDIOS CONTINUOS Y TEORIA DE ESTRUCTURAS;PROFESOR ASOCIADO;MUJER;7
2023;PDI;MECANICA DE LOS MEDIOS CONTINUOS Y TEORIA DE ESTRUCTURAS;PROFESOR AYUDANTE DOCTOR;HOMBRE;1
2023;PDI;MECANICA DE LOS MEDIOS CONTINUOS Y TEORIA DE ESTRUCTURAS;PROFESOR AYUDANTE DOCTOR;MUJER;1
2023;PDI;MECANICA DE LOS MEDIOS CONTINUOS Y TEORIA DE ESTRUCTURAS;PROFESOR CONTRATADO DOCTOR;MUJER;1
2023;PDI;MECANICA DE LOS MEDIOS CONTINUOS Y TEORIA DE ESTRUCTURAS;PROFESOR TITULAR DE ESCUELA UNIVERSITARIA;HOMBRE;4
2023;PDI;MECANICA DE LOS MEDIOS CONTINUOS Y TEORIA DE ESTRUCTURAS;PROFESOR TITULAR DE ESCUELA UNIVERSITARIA;MUJER;1
2023;PDI;MECANICA DE LOS MEDIOS CONTINUOS Y TEORIA DE ESTRUCTURAS;PROFESOR TITULAR DE UNIVERSIDAD;HOMBRE;19
2023;PDI;MECANICA DE LOS MEDIOS CONTINUOS Y TEORIA DE ESTRUCTURAS;PROFESOR TITULAR DE UNIVERSIDAD;MUJER;6
2023;PDI;MECANICA DE LOS MEDIOS CONTINUOS Y TEORIA DE ESTRUCTURAS;PROFESOR/A PERMANENTE LABORAL TITULAR;HOMBRE;2
2023;PDI;MECANICA DE LOS MEDIOS CONTINUOS Y TEORIA DE ESTRUCTURAS;PROFESOR/A PERMANENTE LABORAL TITULAR;MUJER;2
2023;PDI;ORGANIZACIÓN DE EMPRESAS;CATEDRÁTICO DE UNIVERSIDAD;HOMBRE;17
2023;PDI;ORGANIZACIÓN DE EMPRESAS;CATEDRÁTICO DE UNIVERSIDAD;MUJER;10
2023;PDI;ORGANIZACIÓN DE EMPRESAS;PROFESOR ASOCIADO;HOMBRE;43
2023;PDI;ORGANIZACIÓN DE EMPRESAS;PROFESOR ASOCIADO;MUJER;13
2023;PDI;ORGANIZACIÓN DE EMPRESAS;PROFESOR AYUDANTE DOCTOR;HOMBRE;3
2023;PDI;ORGANIZACIÓN DE EMPRESAS;PROFESOR AYUDANTE DOCTOR;MUJER;1
2023;PDI;ORGANIZACIÓN DE EMPRESAS;PROFESOR COLABORADOR;HOMBRE;3
2023;PDI;ORGANIZACIÓN DE EMPRESAS;PROFESOR COLABORADOR;MUJER;1
2023;PDI;ORGANIZACIÓN DE EMPRESAS;PROFESOR CONTRATADO DOCTOR;HOMBRE;1
2023;PDI;ORGANIZACIÓN DE EMPRESAS;PROFESOR CONTRATADO DOCTOR;MUJER;3
2023;PDI;ORGANIZACIÓN DE EMPRESAS;PROFESOR TITULAR DE ESCUELA UNIVERSITARIA;HOMBRE;3
2023;PDI;ORGANIZACIÓN DE EMPRESAS;PROFESOR TITULAR DE ESCUELA UNIVERSITARIA;MUJER;2
2023;PDI;ORGANIZACIÓN DE EMPRESAS;PROFESOR TITULAR DE UNIVERSIDAD;HOMBRE;20
2023;PDI;ORGANIZACIÓN DE EMPRESAS;PROFESOR TITULAR DE UNIVERSIDAD;MUJER;14
2023;PDI;ORGANIZACIÓN DE EMPRESAS;PROFESOR/A PERMANENTE LABORAL TITULAR;HOMBRE;5
2023;PDI;ORGANIZACIÓN DE EMPRESAS;PROFESOR/A PERMANENTE LABORAL TITULAR;MUJER;5
2023;PDI;PINTURA;CATEDRÁTICO DE UNIVERSIDAD;HOMBRE;2
2023;PDI;PINTURA;CATEDRÁTICO DE UNIVERSIDAD;MUJER;1
2023;PDI;PINTURA;PROFESOR ASOCIADO;HOMBRE;8
2023;PDI;PINTURA;PROFESOR ASOCIADO;MUJER;10
2023;PDI;PINTURA;PROFESOR AYUDANTE DOCTOR;HOMBRE;1
2023;PDI;PINTURA;PROFESOR CONTRATADO DOCTOR;MUJER;2
2023;PDI;PINTURA;PROFESOR TITULAR DE UNIVERSIDAD;HOMBRE;19
2023;PDI;PINTURA;PROFESOR TITULAR DE UNIVERSIDAD;MUJER;5
2023;PDI;PINTURA;PROFESOR/A PERMANENTE LABORAL TITULAR;HOMBRE;3
2023;PDI;PRODUCCION VEGETAL;CATEDRÁTICO DE ESCUELA UNIVERSITARIA;HOMBRE;1
2023;PDI;PRODUCCION VEGETAL;CATEDRÁTICO DE ESCUELA UNIVERSITARIA;MUJER;2
2023;PDI;PRODUCCION VEGETAL;CATEDRÁTICO DE UNIVERSIDAD;HOMBRE;4
2023;PDI;PRODUCCION VEGETAL;PROFESOR CONTRATADO DOCTOR;HOMBRE;1
2023;PDI;PRODUCCION VEGETAL;PROFESOR CONTRATADO DOCTOR;MUJER;1
2023;PDI;PRODUCCION VEGETAL;PROFESOR EMÉRITO;HOMBRE;2
2023;PDI;PRODUCCION VEGETAL;PROFESOR TITULAR DE UNIVERSIDAD;HOMBRE;7
2023;PDI;PRODUCCION VEGETAL;PROFESOR TITULAR DE UNIVERSIDAD;MUJER;6
2023;PDI;PRODUCCION VEGETAL;PROFESOR/A PERMANENTE LABORAL TITULAR;HOMBRE;2
2023;PDI;PROYECTOS ARQUITECTONICOS;CATEDRÁTICO DE UNIVERSIDAD;HOMBRE;2
2023;PDI;PROYECTOS ARQUITECTONICOS;PROFESOR ASOCIADO;HOMBRE;42
2023;PDI;PROYECTOS ARQUITECTONICOS;PROFESOR ASOCIADO;MUJER;11
2023;PDI;PROYECTOS ARQUITECTONICOS;PROFESOR AYUDANTE DOCTOR;HOMBRE;3
2023;PDI;PROYECTOS ARQUITECTONICOS;PROFESOR AYUDANTE DOCTOR;MUJER;1
2023;PDI;PROYECTOS ARQUITECTONICOS;PROFESOR COLABORADOR;MUJER;2
2023;PDI;PROYECTOS ARQUITECTONICOS;PROFESOR CONTRATADO DOCTOR;HOMBRE;4
2023;PDI;PROYECTOS ARQUITECTONICOS;PROFESOR CONTRATADO DOCTOR;MUJER;2
2023;PDI;PROYECTOS ARQUITECTONICOS;PROFESOR TITULAR DE ESCUELA UNIVERSITARIA;HOMBRE;2
2023;PDI;PROYECTOS ARQUITECTONICOS;PROFESOR TITULAR DE UNIVERSIDAD;HOMBRE;11
2023;PDI;PROYECTOS ARQUITECTONICOS;PROFESOR TITULAR DE UNIVERSIDAD;MUJER;5
2023;PDI;PROYECTOS ARQUITECTONICOS;PROFESOR/A PERMANENTE LABORAL TITULAR;HOMBRE;2
2023;PDI;PROYECTOS ARQUITECTONICOS;PROFESOR/A PERMANENTE LABORAL TITULAR;MUJER;1
2023;PDI;PROYECTOS DE INGENIERIA;CATEDRÁTICO DE UNIVERSIDAD;HOMBRE;5
2023;PDI;PROYECTOS DE INGENIERIA;CATEDRÁTICO DE UNIVERSIDAD;MUJER;3
2023;PDI;PROYECTOS DE INGENIERIA;PROFESOR ASOCIADO;HOMBRE;5
2023;PDI;PROYECTOS DE INGENIERIA;PROFESOR ASOCIADO;MUJER;3
2023;PDI;PROYECTOS DE INGENIERIA;PROFESOR AYUDANTE DOCTOR;MUJER;1
2023;PDI;PROYECTOS DE INGENIERIA;PROFESOR TITULAR DE ESCUELA UNIVERSITARIA;MUJER;1
2023;PDI;PROYECTOS DE INGENIERIA;PROFESOR TITULAR DE UNIVERSIDAD;HOMBRE;13
2023;PDI;PROYECTOS DE INGENIERIA;PROFESOR TITULAR DE UNIVERSIDAD;MUJER;5
2023;PDI;PROYECTOS DE INGENIERIA;PROFESOR/A PERMANENTE LABORAL TITULAR;HOMBRE;3
2023;PDI;PROYECTOS DE INGENIERIA;PROFESOR/A PERMANENTE LABORAL TITULAR;MUJER;4
2023;PDI;QUIMICA;CATEDRÁTICO DE ESCUELA UNIVERSITARIA;HOMBRE;2
2023;PDI;QUIMICA;CATEDRÁTICO DE UNIVERSIDAD;HOMBRE;4
2023;PDI;QUIMICA;CATEDRÁTICO DE UNIVERSIDAD;MUJER;7
2023;PDI;QUIMICA;PROFESOR ASOCIADO;HOMBRE;1
2023;PDI;QUIMICA;PROFESOR AYUDANTE DOCTOR;MUJER;1
2023;PDI;QUIMICA;PROFESOR CONTRATADO DOCTOR;HOMBRE;4
2023;PDI;QUIMICA;PROFESOR EMÉRITO;HOMBRE;2
2023;PDI;QUIMICA;PROFESOR EMÉRITO;MUJER;1
2023;PDI;QUIMICA;PROFESOR TITULAR DE UNIVERSIDAD;HOMBRE;7
2023;PDI;QUIMICA;PROFESOR TITULAR DE UNIVERSIDAD;MUJER;10
2023;PDI;QUIMICA;PROFESOR/A PERMANENTE LABORAL TITULAR;MUJER;2
2023;PDI;SISTEMAS INFORMATICOS Y COMPUTACION;CATEDRÁTICO DE UNIVERSIDAD;HOMBRE;27
2023;PDI;SISTEMAS INFORMATICOS Y COMPUTACION;CATEDRÁTICO DE UNIVERSIDAD;MUJER;7
2023;PDI;SISTEMAS INFORMATICOS Y COMPUTACION;PROFESOR ASOCIADO;HOMBRE;20
2023;PDI;SISTEMAS INFORMATICOS Y COMPUTACION;PROFESOR ASOCIADO;MUJER;4
2023;PDI;SISTEMAS INFORMATICOS Y COMPUTACION;PROFESOR AYUDANTE DOCTOR;HOMBRE;1
2023;PDI;SISTEMAS INFORMATICOS Y COMPUTACION;PROFESOR COLABORADOR;HOMBRE;2
2023;PDI;SISTEMAS INFORMATICOS Y COMPUTACION;PROFESOR CONTRATADO DOCTOR;HOMBRE;2
2023;PDI;SISTEMAS INFORMATICOS Y COMPUTACION;PROFESOR CONTRATADO DOCTOR;MUJER;2
2023;PDI;SISTEMAS INFORMATICOS Y COMPUTACION;PROFESOR TITULAR DE ESCUELA UNIVERSITARIA;HOMBRE;7
2023;PDI;SISTEMAS INFORMATICOS Y COMPUTACION;PROFESOR TITULAR DE ESCUELA UNIVERSITARIA;MUJER;1
2023;PDI;SISTEMAS INFORMATICOS Y COMPUTACION;PROFESOR TITULAR DE UNIVERSIDAD;HOMBRE;52
2023;PDI;SISTEMAS INFORMATICOS Y COMPUTACION;PROFESOR TITULAR DE UNIVERSIDAD;MUJER;13
2023;PDI;SISTEMAS INFORMATICOS Y COMPUTACION;PROFESOR/A PERMANENTE LABORAL TITULAR;HOMBRE;7
2023;PDI;SISTEMAS INFORMATICOS Y COMPUTACION;PROFESOR/A PERMANENTE LABORAL TITULAR;MUJER;1
2023;PDI;TECNOLOGIA DE ALIMENTOS;CATEDRÁTICO DE UNIVERSIDAD;HOMBRE;9
2023;PDI;TECNOLOGIA DE ALIMENTOS;CATEDRÁTICO DE UNIVERSIDAD;MUJER;15
2023;PDI;TECNOLOGIA DE ALIMENTOS;PROFESOR ASOCIADO;HOMBRE;3
2023;PDI;TECNOLOGIA DE ALIMENTOS;PROFESOR EMÉRITO;HOMBRE;1
2023;PDI;TECNOLOGIA DE ALIMENTOS;PROFESOR TITULAR DE UNIVERSIDAD;HOMBRE;4
2023;PDI;TECNOLOGIA DE ALIMENTOS;PROFESOR TITULAR DE UNIVERSIDAD;MUJER;18
2023;PDI;TERMODINAMICA APLICADA;CATEDRÁTICO DE UNIVERSIDAD;HOMBRE;5
2023;PDI;TERMODINAMICA APLICADA;CATEDRÁTICO DE UNIVERSIDAD;MUJER;3
2023;PDI;TERMODINAMICA APLICADA;PROFESOR ASOCIADO;HOMBRE;5
2023;PDI;TERMODINAMICA APLICADA;PROFESOR ASOCIADO;MUJER;4
2023;PDI;TERMODINAMICA APLICADA;PROFESOR AYUDANTE DOCTOR;HOMBRE;1
2023;PDI;TERMODINAMICA APLICADA;PROFESOR CONTRATADO DOCTOR;HOMBRE;1
2023;PDI;TERMODINAMICA APLICADA;PROFESOR TITULAR DE UNIVERSIDAD;HOMBRE;7
2023;PDI;TERMODINAMICA APLICADA;PROFESOR TITULAR DE UNIVERSIDAD;MUJER;2
2023;PDI;TERMODINAMICA APLICADA;PROFESOR/A PERMANENTE LABORAL TITULAR;HOMBRE;2
2023;PDI;URBANISMO;CATEDRÁTICO DE UNIVERSIDAD;HOMBRE;1
2023;PDI;URBANISMO;CATEDRÁTICO DE UNIVERSIDAD;MUJER;1
2023;PDI;URBANISMO;PROFESOR ASOCIADO;HOMBRE;20
2023;PDI;URBANISMO;PROFESOR ASOCIADO;MUJER;13
2023;PDI;URBANISMO;PROFESOR AYUDANTE DOCTOR;HOMBRE;1
2023;PDI;URBANISMO;PROFESOR TITULAR DE ESCUELA UNIVERSITARIA;HOMBRE;1
2023;PDI;URBANISMO;PROFESOR TITULAR DE ESCUELA UNIVERSITARIA;MUJER;1
2023;PDI;URBANISMO;PROFESOR TITULAR DE UNIVERSIDAD;HOMBRE;9
2023;PDI;URBANISMO;PROFESOR TITULAR DE UNIVERSIDAD;MUJER;3
2023;PDI;URBANISMO;PROFESOR/A PERMANENTE LABORAL TITULAR;HOMBRE;5
2023;PDI;URBANISMO;PROFESOR/A PERMANENTE LABORAL TITULAR;MUJER;3
2024;PDI;BIOTECNOLOGIA;CATEDRÁTICO DE UNIVERSIDAD;HOMBRE;13
2024;PDI;BIOTECNOLOGIA;CATEDRÁTICO DE UNIVERSIDAD;MUJER;6
2024;PDI;BIOTECNOLOGIA;PROFESOR ASOCIADO;HOMBRE;3
2024;PDI;BIOTECNOLOGIA;PROFESOR ASOCIADO;MUJER;4
2024;PDI;BIOTECNOLOGIA;PROFESOR AYUDANTE DOCTOR;MUJER;2
2024;PDI;BIOTECNOLOGIA;PROFESOR EMÉRITO;HOMBRE;2
2024;PDI;BIOTECNOLOGIA;PROFESOR TITULAR DE UNIVERSIDAD;HOMBRE;9
2024;PDI;BIOTECNOLOGIA;PROFESOR TITULAR DE UNIVERSIDAD;MUJER;15
2024;PDI;BIOTECNOLOGIA;PROFESOR/A PERMANENTE LABORAL TITULAR;HOMBRE;4
2024;PDI;BIOTECNOLOGIA;PROFESOR/A PERMANENTE LABORAL TITULAR;MUJER;1
2024;PDI;CIENCIA ANIMAL;CATEDRÁTICO DE ESCUELA UNIVERSITARIA;HOMBRE;1
2024;PDI;CIENCIA ANIMAL;CATEDRÁTICO DE UNIVERSIDAD;HOMBRE;10
2024;PDI;CIENCIA ANIMAL;CATEDRÁTICO DE UNIVERSIDAD;MUJER;5
2024;PDI;CIENCIA ANIMAL;PROFESOR ASOCIADO;HOMBRE;2
2024;PDI;CIENCIA ANIMAL;PROFESOR TITULAR DE UNIVERSIDAD;HOMBRE;4
2024;PDI;CIENCIA ANIMAL;PROFESOR TITULAR DE UNIVERSIDAD;MUJER;3
2024;PDI;CIENCIA ANIMAL;PROFESOR/A PERMANENTE LABORAL TITULAR;MUJER;1
2024;PDI;COMPOSICION ARQUITECTONICA;CATEDRÁTICO DE UNIVERSIDAD;HOMBRE;1
2024;PDI;COMPOSICION ARQUITECTONICA;CATEDRÁTICO DE UNIVERSIDAD;MUJER;1
2024;PDI;COMPOSICION ARQUITECTONICA;PROFESOR ASOCIADO;HOMBRE;4
2024;PDI;COMPOSICION ARQUITECTONICA;PROFESOR ASOCIADO;MUJER;4
2024;PDI;COMPOSICION ARQUITECTONICA;PROFESOR AYUDANTE DOCTOR;HOMBRE;1
2024;PDI;COMPOSICION ARQUITECTONICA;PROFESOR AYUDANTE DOCTOR;MUJER;2
2024;PDI;COMPOSICION ARQUITECTONICA;PROFESOR EMÉRITO;HOMBRE;1
2024;PDI;COMPOSICION ARQUITECTONICA;PROFESOR TITULAR DE UNIVERSIDAD;HOMBRE;7
2024;PDI;COMPOSICION ARQUITECTONICA;PROFESOR TITULAR DE UNIVERSIDAD;MUJER;4
2024;PDI;COMPOSICION ARQUITECTONICA;PROFESOR/A PERMANENTE LABORAL TITULAR;HOMBRE;3
2024;PDI;COMPOSICION ARQUITECTONICA;PROFESOR/A PERMANENTE LABORAL TITULAR;MUJER;1
2024;PDI;COMUNICACION AUDIOVISUAL, DOCUMENTACION E HISTORIA DEL ARTE;CATEDRÁTICO DE UNIVERSIDAD;HOMBRE;6
2024;PDI;COMUNICACION AUDIOVISUAL, DOCUMENTACION E HISTORIA DEL ARTE;CATEDRÁTICO DE UNIVERSIDAD;MUJER;5
2024;PDI;COMUNICACION AUDIOVISUAL, DOCUMENTACION E HISTORIA DEL ARTE;PROFESOR ASOCIADO;HOMBRE;9
2024;PDI;COMUNICACION AUDIOVISUAL, DOCUMENTACION E HISTORIA DEL ARTE;PROFESOR ASOCIADO;MUJER;3
2024;PDI;COMUNICACION AUDIOVISUAL, DOCUMENTACION E HISTORIA DEL ARTE;PROFESOR AYUDANTE DOCTOR;HOMBRE;1
2024;PDI;COMUNICACION AUDIOVISUAL, DOCUMENTACION E HISTORIA DEL ARTE;PROFESOR AYUDANTE DOCTOR;MUJER;4
2024;PDI;COMUNICACION AUDIOVISUAL, DOCUMENTACION E HISTORIA DEL ARTE;PROFESOR COLABORADOR;HOMBRE;1
2024;PDI;COMUNICACION AUDIOVISUAL, DOCUMENTACION E HISTORIA DEL ARTE;PROFESOR COLABORADOR;MUJER;1
2024;PDI;COMUNICACION AUDIOVISUAL, DOCUMENTACION E HISTORIA DEL ARTE;PROFESOR CONTRATADO DOCTOR;HOMBRE;2
2024;PDI;COMUNICACION AUDIOVISUAL, DOCUMENTACION E HISTORIA DEL ARTE;PROFESOR CONTRATADO DOCTOR;MUJER;3
2024;PDI;COMUNICACION AUDIOVISUAL, DOCUMENTACION E HISTORIA DEL ARTE;PROFESOR TITULAR DE ESCUELA UNIVERSITARIA;MUJER;2
2024;PDI;COMUNICACION AUDIOVISUAL, DOCUMENTACION E HISTORIA DEL ARTE;PROFESOR TITULAR DE UNIVERSIDAD;HOMBRE;11
2024;PDI;COMUNICACION AUDIOVISUAL, DOCUMENTACION E HISTORIA DEL ARTE;PROFESOR TITULAR DE UNIVERSIDAD;MUJER;4
2024;PDI;COMUNICACION AUDIOVISUAL, DOCUMENTACION E HISTORIA DEL ARTE;PROFESOR/A PERMANENTE LABORAL TITULAR;HOMBRE;4
2024;PDI;COMUNICACION AUDIOVISUAL, DOCUMENTACION E HISTORIA DEL ARTE;PROFESOR/A PERMANENTE LABORAL TITULAR;MUJER;1
2024;PDI;COMUNICACIONES;CATEDRÁTICO DE UNIVERSIDAD;HOMBRE;45
2024;PDI;COMUNICACIONES;CATEDRÁTICO DE UNIVERSIDAD;MUJER;6
2024;PDI;COMUNICACIONES;PROFESOR ASOCIADO;HOMBRE;5
2024;PDI;COMUNICACIONES;PROFESOR ASOCIADO;MUJER;1
2024;PDI;COMUNICACIONES;PROFESOR AYUDANTE DOCTOR;HOMBRE;1
2024;PDI;COMUNICACIONES;PROFESOR AYUDANTE DOCTOR;MUJER;1
2024;PDI;COMUNICACIONES;PROFESOR COLABORADOR;HOMBRE;2
2024;PDI;COMUNICACIONES;PROFESOR CONTRATADO DOCTOR;HOMBRE;1
2024;PDI;COMUNICACIONES;PROFESOR EMÉRITO;HOMBRE;2
2024;PDI;COMUNICACIONES;PROFESOR TITULAR DE ESCUELA UNIVERSITARIA;HOMBRE;3
2024;PDI;COMUNICACIONES;PROFESOR TITULAR DE ESCUELA UNIVERSITARIA;MUJER;2
2024;PDI;COMUNICACIONES;PROFESOR TITULAR DE UNIVERSIDAD;HOMBRE;25
2024;PDI;COMUNICACIONES;PROFESOR TITULAR DE UNIVERSIDAD;MUJER;6
2024;PDI;COMUNICACIONES;PROFESOR/A PERMANENTE LABORAL TITULAR;HOMBRE;1
2024;PDI;COMUNICACIONES;PROFESOR/A PERMANENTE LABORAL TITULAR;MUJER;1
2024;PDI;CONSERVACION Y RESTAURACION DE BIENES CULTURALES;CATEDRÁTICO DE UNIVERSIDAD;HOMBRE;3
2024;PDI;CONSERVACION Y RESTAURACION DE BIENES CULTURALES;CATEDRÁTICO DE UNIVERSIDAD;MUJER;7
2024;PDI;CONSERVACION Y RESTAURACION DE BIENES CULTURALES;PROFESOR ASOCIADO;MUJER;4
2024;PDI;CONSERVACION Y RESTAURACION DE BIENES CULTURALES;PROFESOR AYUDANTE DOCTOR;MUJER;1
2024;PDI;CONSERVACION Y RESTAURACION DE BIENES CULTURALES;PROFESOR EMÉRITO;MUJER;1
2024;PDI;CONSERVACION Y RESTAURACION DE BIENES CULTURALES;PROFESOR TITULAR DE UNIVERSIDAD;HOMBRE;4
2024;PDI;CONSERVACION Y RESTAURACION DE BIENES CULTURALES;PROFESOR TITULAR DE UNIVERSIDAD;MUJER;12
2024;PDI;CONSERVACION Y RESTAURACION DE BIENES CULTURALES;PROFESOR/A PERMANENTE LABORAL TITULAR;HOMBRE;2
2024;PDI;CONSERVACION Y RESTAURACION DE BIENES CULTURALES;PROFESOR/A PERMANENTE LABORAL TITULAR;MUJER;2
2024;PDI;CONSTRUCCIONES ARQUITECTONICAS;CATEDRÁTICO DE UNIVERSIDAD;HOMBRE;3
2024;PDI;CONSTRUCCIONES ARQUITECTONICAS;PROFESOR ASOCIADO;HOMBRE;16
2024;PDI;CONSTRUCCIONES ARQUITECTONICAS;PROFESOR ASOCIADO;MUJER;7
2024;PDI;CONSTRUCCIONES ARQUITECTONICAS;PROFESOR AYUDANTE DOCTOR;HOMBRE;2
2024;PDI;CONSTRUCCIONES ARQUITECTONICAS;PROFESOR AYUDANTE DOCTOR;MUJER;5
2024;PDI;CONSTRUCCIONES ARQUITECTONICAS;PROFESOR COLABORADOR;HOMBRE;2
2024;PDI;CONSTRUCCIONES ARQUITECTONICAS;PROFESOR COLABORADOR;MUJER;4
2024;PDI;CONSTRUCCIONES ARQUITECTONICAS;PROFESOR CONTRATADO DOCTOR;HOMBRE;2
2024;PDI;CONSTRUCCIONES ARQUITECTONICAS;PROFESOR TITULAR DE ESCUELA UNIVERSITARIA;HOMBRE;3
2024;PDI;CONSTRUCCIONES ARQUITECTONICAS;PROFESOR TITULAR DE ESCUELA UNIVERSITARIA;MUJER;4
2024;PDI;CONSTRUCCIONES ARQUITECTONICAS;PROFESOR TITULAR DE UNIVERSIDAD;HOMBRE;10
2024;PDI;CONSTRUCCIONES ARQUITECTONICAS;PROFESOR TITULAR DE UNIVERSIDAD;MUJER;3
2024;PDI;CONSTRUCCIONES ARQUITECTONICAS;PROFESOR/A PERMANENTE LABORAL TITULAR;HOMBRE;5
2024;PDI;CONSTRUCCIONES ARQUITECTONICAS;PROFESOR/A PERMANENTE LABORAL TITULAR;MUJER;3
2024;PDI;DIBUJO;CATEDRÁTICO DE UNIVERSIDAD;HOMBRE;2
2024;PDI;DIBUJO;CATEDRÁTICO DE UNIVERSIDAD;MUJER;1
2024;PDI;DIBUJO;PROFESOR ASOCIADO;HOMBRE;13
2024;PDI;DIBUJO;PROFESOR ASOCIADO;MUJER;8
2024;PDI;DIBUJO;PROFESOR AYUDANTE DOCTOR;HOMBRE;1
2024;PDI;DIBUJO;PROFESOR AYUDANTE DOCTOR;MUJER;4
2024;PDI;DIBUJO;PROFESOR COLABORADOR;MUJER;1
2024;PDI;DIBUJO;PROFESOR CONTRATADO DOCTOR;MUJER;2
2024;PDI;DIBUJO;PROFESOR EMÉRITO;MUJER;1
2024;PDI;DIBUJO;PROFESOR TITULAR DE UNIVERSIDAD;HOMBRE;11
2024;PDI;DIBUJO;PROFESOR TITULAR DE UNIVERSIDAD;MUJER;12
2024;PDI;DIBUJO;PROFESOR/A PERMANENTE LABORAL TITULAR;HOMBRE;9
2024;PDI;DIBUJO;PROFESOR/A PERMANENTE LABORAL TITULAR;MUJER;5
2024;PDI;ECONOMIA Y CIENCIAS SOCIALES;CATEDRÁTICO DE UNIVERSIDAD;HOMBRE;14
2024;PDI;ECONOMIA Y CIENCIAS SOCIALES;CATEDRÁTICO DE UNIVERSIDAD;MUJER;1
2024;PDI;ECONOMIA Y CIENCIAS SOCIALES;PROFESOR ASOCIADO;HOMBRE;22
2024;PDI;ECONOMIA Y CIENCIAS SOCIALES;PROFESOR ASOCIADO;MUJER;23
2024;PDI;ECONOMIA Y CIENCIAS SOCIALES;PROFESOR AYUDANTE DOCTOR;HOMBRE;2
2024;PDI;ECONOMIA Y CIENCIAS SOCIALES;PROFESOR AYUDANTE DOCTOR;MUJER;3
2024;PDI;ECONOMIA Y CIENCIAS SOCIALES;PROFESOR COLABORADOR;MUJER;1
2024;PDI;ECONOMIA Y CIENCIAS SOCIALES;PROFESOR CONTRATADO DOCTOR;HOMBRE;4
2024;PDI;ECONOMIA Y CIENCIAS SOCIALES;PROFESOR CONTRATADO DOCTOR;MUJER;3
2024;PDI;ECONOMIA Y CIENCIAS SOCIALES;PROFESOR EMÉRITO;HOMBRE;1
2024;PDI;ECONOMIA Y CIENCIAS SOCIALES;PROFESOR TITULAR DE ESCUELA UNIVERSITARIA;HOMBRE;1
2024;PDI;ECONOMIA Y CIENCIAS SOCIALES;PROFESOR TITULAR DE UNIVERSIDAD;HOMBRE;14
2024;PDI;ECONOMIA Y CIENCIAS SOCIALES;PROFESOR TITULAR DE UNIVERSIDAD;MUJER;22
2024;PDI;ECONOMIA Y CIENCIAS SOCIALES;PROFESOR/A PERMANENTE LABORAL TITULAR;HOMBRE;4
2024;PDI;ECONOMIA Y CIENCIAS SOCIALES;PROFESOR/A PERMANENTE LABORAL TITULAR;MUJER;3
2024;PDI;ECOSISTEMAS AGROFORESTALES;CATEDRÁTICO DE UNIVERSIDAD;HOMBRE;1
2024;PDI;ECOSISTEMAS AGROFORESTALES;CATEDRÁTICO DE UNIVERSIDAD;MUJER;2
2024;PDI;ECOSISTEMAS AGROFORESTALES;PROFESOR ASOCIADO;HOMBRE;1
2024;PDI;ECOSISTEMAS AGROFORESTALES;PROFESOR ASOCIADO;MUJER;1
2024;PDI;ECOSISTEMAS AGROFORESTALES;PROFESOR AYUDANTE DOCTOR;MUJER;1
2024;PDI;ECOSISTEMAS AGROFORESTALES;PROFESOR TITULAR DE ESCUELA UNIVERSITARIA;MUJER;1
2024;PDI;ECOSISTEMAS AGROFORESTALES;PROFESOR TITULAR DE UNIVERSIDAD;HOMBRE;3
2024;PDI;ECOSISTEMAS AGROFORESTALES;PROFESOR TITULAR DE UNIVERSIDAD;MUJER;7
2024;PDI;ECOSISTEMAS AGROFORESTALES;PROFESOR/A DISTINGUIDO/A;HOMBRE;1
2024;PDI;ECOSISTEMAS AGROFORESTALES;PROFESOR/A PERMANENTE LABORAL TITULAR;MUJER;1
2024;PDI;ESCULTURA;CATEDRÁTICO DE UNIVERSIDAD;HOMBRE;4
2024;PDI;ESCULTURA;CATEDRÁTICO DE UNIVERSIDAD;MUJER;4
2024;PDI;ESCULTURA;PROFESOR ASOCIADO;HOMBRE;9
2024;PDI;ESCULTURA;PROFESOR ASOCIADO;MUJER;3
2024;PDI;ESCULTURA;PROFESOR AYUDANTE DOCTOR;HOMBRE;1
2024;PDI;ESCULTURA;PROFESOR CONTRATADO DOCTOR;MUJER;1
2024;PDI;ESCULTURA;PROFESOR TITULAR DE ESCUELA UNIVERSITARIA;HOMBRE;2
2024;PDI;ESCULTURA;PROFESOR TITULAR DE UNIVERSIDAD;HOMBRE;6
2024;PDI;ESCULTURA;PROFESOR TITULAR DE UNIVERSIDAD;MUJER;14
2024;PDI;ESCULTURA;PROFESOR/A PERMANENTE LABORAL TITULAR;HOMBRE;3
2024;PDI;ESCULTURA;PROFESOR/A PERMANENTE LABORAL TITULAR;MUJER;1
2024;PDI;ESTADISTICA E INVESTIGACION OPERATIVA APLICADAS Y CALIDAD;CATEDRÁTICO DE UNIVERSIDAD;HOMBRE;7
2024;PDI;ESTADISTICA E INVESTIGACION OPERATIVA APLICADAS Y CALIDAD;CATEDRÁTICO DE UNIVERSIDAD;MUJER;2
2024;PDI;ESTADISTICA E INVESTIGACION OPERATIVA APLICADAS Y CALIDAD;PROFESOR ASOCIADO;HOMBRE;12
2024;PDI;ESTADISTICA E INVESTIGACION OPERATIVA APLICADAS Y CALIDAD;PROFESOR ASOCIADO;MUJER;9
2024;PDI;ESTADISTICA E INVESTIGACION OPERATIVA APLICADAS Y CALIDAD;PROFESOR AYUDANTE DOCTOR;HOMBRE;2
2024;PDI;ESTADISTICA E INVESTIGACION OPERATIVA APLICADAS Y CALIDAD;PROFESOR AYUDANTE DOCTOR;MUJER;1
2024;PDI;ESTADISTICA E INVESTIGACION OPERATIVA APLICADAS Y CALIDAD;PROFESOR COLABORADOR;MUJER;1
2024;PDI;ESTADISTICA E INVESTIGACION OPERATIVA APLICADAS Y CALIDAD;PROFESOR CONTRATADO DOCTOR;HOMBRE;1
2024;PDI;ESTADISTICA E INVESTIGACION OPERATIVA APLICADAS Y CALIDAD;PROFESOR TITULAR DE ESCUELA UNIVERSITARIA;HOMBRE;1
2024;PDI;ESTADISTICA E INVESTIGACION OPERATIVA APLICADAS Y CALIDAD;PROFESOR TITULAR DE UNIVERSIDAD;HOMBRE;10
2024;PDI;ESTADISTICA E INVESTIGACION OPERATIVA APLICADAS Y CALIDAD;PROFESOR TITULAR DE UNIVERSIDAD;MUJER;15
2024;PDI;ESTADISTICA E INVESTIGACION OPERATIVA APLICADAS Y CALIDAD;PROFESOR/A PERMANENTE LABORAL TITULAR;HOMBRE;5
2024;PDI;ESTADISTICA E INVESTIGACION OPERATIVA APLICADAS Y CALIDAD;PROFESOR/A PERMANENTE LABORAL TITULAR;MUJER;3
2024;PDI;EXPRESION GRAFICA ARQUITECTONICA;CATEDRÁTICO DE ESCUELA UNIVERSITARIA;MUJER;1
2024;PDI;EXPRESION GRAFICA ARQUITECTONICA;CATEDRÁTICO DE UNIVERSIDAD;HOMBRE;2
2024;PDI;EXPRESION GRAFICA ARQUITECTONICA;CATEDRÁTICO DE UNIVERSIDAD;MUJER;1
2024;PDI;EXPRESION GRAFICA ARQUITECTONICA;PROFESOR ASOCIADO;HOMBRE;18
2024;PDI;EXPRESION GRAFICA ARQUITECTONICA;PROFESOR ASOCIADO;MUJER;7
2024;PDI;EXPRESION GRAFICA ARQUITECTONICA;PROFESOR AYUDANTE DOCTOR;HOMBRE;4
2024;PDI;EXPRESION GRAFICA ARQUITECTONICA;PROFESOR AYUDANTE DOCTOR;MUJER;3
2024;PDI;EXPRESION GRAFICA ARQUITECTONICA;PROFESOR COLABORADOR;HOMBRE;2
2024;PDI;EXPRESION GRAFICA ARQUITECTONICA;PROFESOR CONTRATADO DOCTOR;MUJER;1
2024;PDI;EXPRESION GRAFICA ARQUITECTONICA;PROFESOR TITULAR DE ESCUELA UNIVERSITARIA;HOMBRE;3
2024;PDI;EXPRESION GRAFICA ARQUITECTONICA;PROFESOR TITULAR DE ESCUELA UNIVERSITARIA;MUJER;1
2024;PDI;EXPRESION GRAFICA ARQUITECTONICA;PROFESOR TITULAR DE UNIVERSIDAD;HOMBRE;11
2024;PDI;EXPRESION GRAFICA ARQUITECTONICA;PROFESOR TITULAR DE UNIVERSIDAD;MUJER;4
2024;PDI;EXPRESION GRAFICA ARQUITECTONICA;PROFESOR/A PERMANENTE LABORAL TITULAR;HOMBRE;4
2024;PDI;EXPRESION GRAFICA ARQUITECTONICA;PROFESOR/A PERMANENTE LABORAL TITULAR;MUJER;1
2024;PDI;FISICA APLICADA;CATEDRÁTICO DE ESCUELA UNIVERSITARIA;HOMBRE;1
2024;PDI;FISICA APLICADA;CATEDRÁTICO DE UNIVERSIDAD;HOMBRE;25
2024;PDI;FISICA APLICADA;CATEDRÁTICO DE UNIVERSIDAD;MUJER;3
2024;PDI;FISICA APLICADA;PROFESOR ASOCIADO;HOMBRE;8
2024;PDI;FISICA APLICADA;PROFESOR ASOCIADO;MUJER;7
2024;PDI;FISICA APLICADA;PROFESOR AYUDANTE DOCTOR;HOMBRE;3
2024;PDI;FISICA APLICADA;PROFESOR AYUDANTE DOCTOR;MUJER;1
2024;PDI;FISICA APLICADA;PROFESOR COLABORADOR;MUJER;1
2024;PDI;FISICA APLICADA;PROFESOR CONTRATADO DOCTOR;MUJER;1
2024;PDI;FISICA APLICADA;PROFESOR EMÉRITO;HOMBRE;1
2024;PDI;FISICA APLICADA;PROFESOR TITULAR DE ESCUELA UNIVERSITARIA;HOMBRE;3
2024;PDI;FISICA APLICADA;PROFESOR TITULAR DE ESCUELA UNIVERSITARIA;MUJER;1
2024;PDI;FISICA APLICADA;PROFESOR TITULAR DE UNIVERSIDAD;HOMBRE;24
2024;PDI;FISICA APLICADA;PROFESOR TITULAR DE UNIVERSIDAD;MUJER;7
2024;PDI;FISICA APLICADA;PROFESOR/A PERMANENTE LABORAL TITULAR;HOMBRE;5
2024;PDI;FISICA APLICADA;PROFESOR/A PERMANENTE LABORAL TITULAR;MUJER;5
2024;PDI;INFORMATICA DE SISTEMAS Y COMPUTADORES;CATEDRÁTICO DE UNIVERSIDAD;HOMBRE;19
2024;PDI;INFORMATICA DE SISTEMAS Y COMPUTADORES;CATEDRÁTICO DE UNIVERSIDAD;MUJER;1
2024;PDI;INFORMATICA DE SISTEMAS Y COMPUTADORES;PROFESOR ASOCIADO;HOMBRE;6
2024;PDI;INFORMATICA DE SISTEMAS Y COMPUTADORES;PROFESOR ASOCIADO;MUJER;1
2024;PDI;INFORMATICA DE SISTEMAS Y COMPUTADORES;PROFESOR AYUDANTE DOCTOR;HOMBRE;1
2024;PDI;INFORMATICA DE SISTEMAS Y COMPUTADORES;PROFESOR AYUDANTE DOCTOR;MUJER;3
2024;PDI;INFORMATICA DE SISTEMAS Y COMPUTADORES;PROFESOR CONTRATADO DOCTOR;HOMBRE;2
2024;PDI;INFORMATICA DE SISTEMAS Y COMPUTADORES;PROFESOR TITULAR DE ESCUELA UNIVERSITARIA;HOMBRE;8
2024;PDI;INFORMATICA DE SISTEMAS Y COMPUTADORES;PROFESOR TITULAR DE ESCUELA UNIVERSITARIA;MUJER;1
2024;PDI;INFORMATICA DE SISTEMAS Y COMPUTADORES;PROFESOR TITULAR DE UNIVERSIDAD;HOMBRE;34
2024;PDI;INFORMATICA DE SISTEMAS Y COMPUTADORES;PROFESOR TITULAR DE UNIVERSIDAD;MUJER;10
2024;PDI;INFORMATICA DE SISTEMAS Y COMPUTADORES;PROFESOR/A PERMANENTE LABORAL TITULAR;HOMBRE;3
2024;PDI;INGENIERIA CARTOGRAFICA, GEODESIA Y FOTOGRAMETRIA;CATEDRÁTICO DE ESCUELA UNIVERSITARIA;HOMBRE;1
2024;PDI;INGENIERIA CARTOGRAFICA, GEODESIA Y FOTOGRAMETRIA;CATEDRÁTICO DE UNIVERSIDAD;HOMBRE;6
2024;PDI;INGENIERIA CARTOGRAFICA, GEODESIA Y FOTOGRAMETRIA;CATEDRÁTICO DE UNIVERSIDAD;MUJER;1
2024;PDI;INGENIERIA CARTOGRAFICA, GEODESIA Y FOTOGRAMETRIA;PROFESOR COLABORADOR;HOMBRE;1
2024;PDI;INGENIERIA CARTOGRAFICA, GEODESIA Y FOTOGRAMETRIA;PROFESOR TITULAR DE ESCUELA UNIVERSITARIA;HOMBRE;2
2024;PDI;INGENIERIA CARTOGRAFICA, GEODESIA Y FOTOGRAMETRIA;PROFESOR TITULAR DE ESCUELA UNIVERSITARIA;MUJER;1
2024;PDI;INGENIERIA CARTOGRAFICA, GEODESIA Y FOTOGRAMETRIA;PROFESOR TITULAR DE UNIVERSIDAD;HOMBRE;16
2024;PDI;INGENIERIA CARTOGRAFICA, GEODESIA Y FOTOGRAMETRIA;PROFESOR TITULAR DE UNIVERSIDAD;MUJER;5
2024;PDI;INGENIERIA CARTOGRAFICA, GEODESIA Y FOTOGRAMETRIA;PROFESOR/A PERMANENTE LABORAL TITULAR;HOMBRE;2
2024;PDI;INGENIERIA CARTOGRAFICA, GEODESIA Y FOTOGRAMETRIA;PROFESOR/A PERMANENTE LABORAL TITULAR;MUJER;2
2024;PDI;INGENIERIA DE LA CONSTRUCCION Y DE  PROYECTOS  DE INGENIERIA CIVIL;CATEDRÁTICO DE UNIVERSIDAD;HOMBRE;15
2024;PDI;INGENIERIA DE LA CONSTRUCCION Y DE  PROYECTOS  DE INGENIERIA CIVIL;CATEDRÁTICO DE UNIVERSIDAD;MUJER;1
2024;PDI;INGENIERIA DE LA CONSTRUCCION Y DE  PROYECTOS  DE INGENIERIA CIVIL;PROFESOR ASOCIADO;HOMBRE;19
2024;PDI;INGENIERIA DE LA CONSTRUCCION Y DE  PROYECTOS  DE INGENIERIA CIVIL;PROFESOR ASOCIADO;MUJER;4
2024;PDI;INGENIERIA DE LA CONSTRUCCION Y DE  PROYECTOS  DE INGENIERIA CIVIL;PROFESOR CONTRATADO DOCTOR;MUJER;2
2024;PDI;INGENIERIA DE LA CONSTRUCCION Y DE  PROYECTOS  DE INGENIERIA CIVIL;PROFESOR EMÉRITO;HOMBRE;2
2024;PDI;INGENIERIA DE LA CONSTRUCCION Y DE  PROYECTOS  DE INGENIERIA CIVIL;PROFESOR TITULAR DE ESCUELA UNIVERSITARIA;HOMBRE;1
2024;PDI;INGENIERIA DE LA CONSTRUCCION Y DE  PROYECTOS  DE INGENIERIA CIVIL;PROFESOR TITULAR DE UNIVERSIDAD;HOMBRE;7
2024;PDI;INGENIERIA DE LA CONSTRUCCION Y DE  PROYECTOS  DE INGENIERIA CIVIL;PROFESOR TITULAR DE UNIVERSIDAD;MUJER;8
2024;PDI;INGENIERIA DE LA CONSTRUCCION Y DE  PROYECTOS  DE INGENIERIA CIVIL;PROFESOR/A PERMANENTE LABORAL TITULAR;HOMBRE;1
2024;PDI;INGENIERIA DE SISTEMAS Y AUTOMATICA;CATEDRÁTICO DE UNIVERSIDAD;HOMBRE;17
2024;PDI;INGENIERIA DE SISTEMAS Y AUTOMATICA;PROFESOR ASOCIADO;HOMBRE;5
2024;PDI;INGENIERIA DE SISTEMAS Y AUTOMATICA;PROFESOR AYUDANTE DOCTOR;HOMBRE;2
2024;PDI;INGENIERIA DE SISTEMAS Y AUTOMATICA;PROFESOR CONTRATADO DOCTOR;HOMBRE;1
2024;PDI;INGENIERIA DE SISTEMAS Y AUTOMATICA;PROFESOR TITULAR DE ESCUELA UNIVERSITARIA;HOMBRE;2
2024;PDI;INGENIERIA DE SISTEMAS Y AUTOMATICA;PROFESOR TITULAR DE UNIVERSIDAD;HOMBRE;18
2024;PDI;INGENIERIA DE SISTEMAS Y AUTOMATICA;PROFESOR TITULAR DE UNIVERSIDAD;MUJER;2
2024;PDI;INGENIERIA DE SISTEMAS Y AUTOMATICA;PROFESOR/A PERMANENTE LABORAL TITULAR;HOMBRE;1
2024;PDI;INGENIERIA DEL TERRENO;PROFESOR ASOCIADO;HOMBRE;3
2024;PDI;INGENIERIA DEL TERRENO;PROFESOR CONTRATADO DOCTOR;HOMBRE;1
2024;PDI;INGENIERIA DEL TERRENO;PROFESOR TITULAR DE ESCUELA UNIVERSITARIA;HOMBRE;2
2024;PDI;INGENIERIA DEL TERRENO;PROFESOR TITULAR DE UNIVERSIDAD;HOMBRE;3
2024;PDI;INGENIERIA DEL TERRENO;PROFESOR TITULAR DE UNIVERSIDAD;MUJER;1
2024;PDI;INGENIERIA DEL TERRENO;PROFESOR/A PERMANENTE LABORAL TITULAR;HOMBRE;1
2024;PDI;INGENIERIA E INFRAESTRUCTURA DE LOS TRANSPORTES;CATEDRÁTICO DE UNIVERSIDAD;HOMBRE;5
2024;PDI;INGENIERIA E INFRAESTRUCTURA DE LOS TRANSPORTES;PROFESOR ASOCIADO;HOMBRE;12
2024;PDI;INGENIERIA E INFRAESTRUCTURA DE LOS TRANSPORTES;PROFESOR ASOCIADO;MUJER;1
2024;PDI;INGENIERIA E INFRAESTRUCTURA DE LOS TRANSPORTES;PROFESOR AYUDANTE DOCTOR;HOMBRE;1
2024;PDI;INGENIERIA E INFRAESTRUCTURA DE LOS TRANSPORTES;PROFESOR TITULAR DE UNIVERSIDAD;HOMBRE;6
2024;PDI;INGENIERIA E INFRAESTRUCTURA DE LOS TRANSPORTES;PROFESOR TITULAR DE UNIVERSIDAD;MUJER;3
2024;PDI;INGENIERIA E INFRAESTRUCTURA DE LOS TRANSPORTES;PROFESOR/A PERMANENTE LABORAL TITULAR;HOMBRE;1
2024;PDI;INGENIERIA E INFRAESTRUCTURA DE LOS TRANSPORTES;PROFESOR/A PERMANENTE LABORAL TITULAR;MUJER;1
2024;PDI;INGENIERIA ELECTRICA;CATEDRÁTICO DE ESCUELA UNIVERSITARIA;HOMBRE;4
2024;PDI;INGENIERIA ELECTRICA;CATEDRÁTICO DE UNIVERSIDAD;HOMBRE;5
2024;PDI;INGENIERIA ELECTRICA;CATEDRÁTICO DE UNIVERSIDAD;MUJER;1
2024;PDI;INGENIERIA ELECTRICA;PROFESOR ASOCIADO;HOMBRE;12
2024;PDI;INGENIERIA ELECTRICA;PROFESOR AYUDANTE DOCTOR;HOMBRE;1
2024;PDI;INGENIERIA ELECTRICA;PROFESOR AYUDANTE DOCTOR;MUJER;1
2024;PDI;INGENIERIA ELECTRICA;PROFESOR CONTRATADO DOCTOR;HOMBRE;1
2024;PDI;INGENIERIA ELECTRICA;PROFESOR EMÉRITO;HOMBRE;1
2024;PDI;INGENIERIA ELECTRICA;PROFESOR TITULAR DE ESCUELA UNIVERSITARIA;HOMBRE;3
2024;PDI;INGENIERIA ELECTRICA;PROFESOR TITULAR DE ESCUELA UNIVERSITARIA;MUJER;1
2024;PDI;INGENIERIA ELECTRICA;PROFESOR TITULAR DE UNIVERSIDAD;HOMBRE;18
2024;PDI;INGENIERIA ELECTRICA;PROFESOR TITULAR DE UNIVERSIDAD;MUJER;3
2024;PDI;INGENIERIA ELECTRICA;PROFESOR/A PERMANENTE LABORAL TITULAR;HOMBRE;3
2024;PDI;INGENIERIA ELECTRICA;PROFESOR/A PERMANENTE LABORAL TITULAR;MUJER;1
2024;PDI;INGENIERIA ELECTRONICA;CATEDRÁTICO DE UNIVERSIDAD;HOMBRE;21
2024;PDI;INGENIERIA ELECTRONICA;CATEDRÁTICO DE UNIVERSIDAD;MUJER;2
2024;PDI;INGENIERIA ELECTRONICA;PROFESOR ASOCIADO;HOMBRE;13
2024;PDI;INGENIERIA ELECTRONICA;PROFESOR ASOCIADO;MUJER;3
2024;PDI;INGENIERIA ELECTRONICA;PROFESOR AYUDANTE DOCTOR;HOMBRE;1
2024;PDI;INGENIERIA ELECTRONICA;PROFESOR AYUDANTE DOCTOR;MUJER;2
2024;PDI;INGENIERIA ELECTRONICA;PROFESOR TITULAR DE ESCUELA UNIVERSITARIA;HOMBRE;3
2024;PDI;INGENIERIA ELECTRONICA;PROFESOR TITULAR DE UNIVERSIDAD;HOMBRE;33
2024;PDI;INGENIERIA ELECTRONICA;PROFESOR TITULAR DE UNIVERSIDAD;MUJER;8
2024;PDI;INGENIERIA ELECTRONICA;PROFESOR/A PERMANENTE LABORAL TITULAR;HOMBRE;7
2024;PDI;INGENIERÍA GRÁFICA;CATEDRÁTICO DE UNIVERSIDAD;HOMBRE;4
2024;PDI;INGENIERÍA GRÁFICA;CATEDRÁTICO DE UNIVERSIDAD;MUJER;2
2024;PDI;INGENIERÍA GRÁFICA;PROFESOR ASOCIADO;HOMBRE;17
2024;PDI;INGENIERÍA GRÁFICA;PROFESOR ASOCIADO;MUJER;9
2024;PDI;INGENIERÍA GRÁFICA;PROFESOR AYUDANTE DOCTOR;HOMBRE;2
2024;PDI;INGENIERÍA GRÁFICA;PROFESOR AYUDANTE DOCTOR;MUJER;1
2024;PDI;INGENIERÍA GRÁFICA;PROFESOR CONTRATADO DOCTOR;HOMBRE;2
2024;PDI;INGENIERÍA GRÁFICA;PROFESOR CONTRATADO DOCTOR;MUJER;3
2024;PDI;INGENIERÍA GRÁFICA;PROFESOR TITULAR DE ESCUELA UNIVERSITARIA;HOMBRE;3
2024;PDI;INGENIERÍA GRÁFICA;PROFESOR TITULAR DE ESCUELA UNIVERSITARIA;MUJER;1
2024;PDI;INGENIERÍA GRÁFICA;PROFESOR TITULAR DE UNIVERSIDAD;HOMBRE;7
2024;PDI;INGENIERÍA GRÁFICA;PROFESOR TITULAR DE UNIVERSIDAD;MUJER;6
2024;PDI;INGENIERÍA GRÁFICA;PROFESOR/A PERMANENTE LABORAL TITULAR;HOMBRE;4
2024;PDI;INGENIERÍA GRÁFICA;PROFESOR/A PERMANENTE LABORAL TITULAR;MUJER;2
2024;PDI;INGENIERIA HIDRAULICA Y MEDIO AMBIENTE;CATEDRÁTICO DE UNIVERSIDAD;HOMBRE;19
2024;PDI;INGENIERIA HIDRAULICA Y MEDIO AMBIENTE;CATEDRÁTICO DE UNIVERSIDAD;MUJER;2
2024;PDI;INGENIERIA HIDRAULICA Y MEDIO AMBIENTE;PROFESOR ASOCIADO;HOMBRE;18
2024;PDI;INGENIERIA HIDRAULICA Y MEDIO AMBIENTE;PROFESOR ASOCIADO;MUJER;11
2024;PDI;INGENIERIA HIDRAULICA Y MEDIO AMBIENTE;PROFESOR AYUDANTE DOCTOR;HOMBRE;2
2024;PDI;INGENIERIA HIDRAULICA Y MEDIO AMBIENTE;PROFESOR AYUDANTE DOCTOR;MUJER;1
2024;PDI;INGENIERIA HIDRAULICA Y MEDIO AMBIENTE;PROFESOR COLABORADOR;HOMBRE;1
2024;PDI;INGENIERIA HIDRAULICA Y MEDIO AMBIENTE;PROFESOR CONTRATADO DOCTOR;HOMBRE;1
2024;PDI;INGENIERIA HIDRAULICA Y MEDIO AMBIENTE;PROFESOR TITULAR DE ESCUELA UNIVERSITARIA;HOMBRE;2
2024;PDI;INGENIERIA HIDRAULICA Y MEDIO AMBIENTE;PROFESOR TITULAR DE UNIVERSIDAD;HOMBRE;17
2024;PDI;INGENIERIA HIDRAULICA Y MEDIO AMBIENTE;PROFESOR TITULAR DE UNIVERSIDAD;MUJER;3
2024;PDI;INGENIERIA HIDRAULICA Y MEDIO AMBIENTE;PROFESOR/A PERMANENTE LABORAL TITULAR;HOMBRE;1
2024;PDI;INGENIERIA MECANICA Y DE MATERIALES;CATEDRÁTICO DE UNIVERSIDAD;HOMBRE;17
2024;PDI;INGENIERIA MECANICA Y DE MATERIALES;CATEDRÁTICO DE UNIVERSIDAD;MUJER;2
2024;PDI;INGENIERIA MECANICA Y DE MATERIALES;PROFESOR ASOCIADO;HOMBRE;26
2024;PDI;INGENIERIA MECANICA Y DE MATERIALES;PROFESOR ASOCIADO;MUJER;5
2024;PDI;INGENIERIA MECANICA Y DE MATERIALES;PROFESOR AYUDANTE DOCTOR;HOMBRE;3
2024;PDI;INGENIERIA MECANICA Y DE MATERIALES;PROFESOR COLABORADOR;HOMBRE;1
2024;PDI;INGENIERIA MECANICA Y DE MATERIALES;PROFESOR COLABORADOR;MUJER;2
2024;PDI;INGENIERIA MECANICA Y DE MATERIALES;PROFESOR TITULAR DE ESCUELA UNIVERSITARIA;HOMBRE;3
2024;PDI;INGENIERIA MECANICA Y DE MATERIALES;PROFESOR TITULAR DE UNIVERSIDAD;HOMBRE;32
2024;PDI;INGENIERIA MECANICA Y DE MATERIALES;PROFESOR TITULAR DE UNIVERSIDAD;MUJER;8
2024;PDI;INGENIERIA MECANICA Y DE MATERIALES;PROFESOR/A PERMANENTE LABORAL TITULAR;HOMBRE;10
2024;PDI;INGENIERIA MECANICA Y DE MATERIALES;PROFESOR/A PERMANENTE LABORAL TITULAR;MUJER;3
2024;PDI;INGENIERIA QUIMICA Y NUCLEAR;CATEDRÁTICO DE ESCUELA UNIVERSITARIA;HOMBRE;1
2024;PDI;INGENIERIA QUIMICA Y NUCLEAR;CATEDRÁTICO DE UNIVERSIDAD;HOMBRE;10
2024;PDI;INGENIERIA QUIMICA Y NUCLEAR;CATEDRÁTICO DE UNIVERSIDAD;MUJER;5
2024;PDI;INGENIERIA QUIMICA Y NUCLEAR;PROFESOR ASOCIADO;HOMBRE;7
2024;PDI;INGENIERIA QUIMICA Y NUCLEAR;PROFESOR ASOCIADO;MUJER;6
2024;PDI;INGENIERIA QUIMICA Y NUCLEAR;PROFESOR AYUDANTE DOCTOR;HOMBRE;1
2024;PDI;INGENIERIA QUIMICA Y NUCLEAR;PROFESOR COLABORADOR;MUJER;1
2024;PDI;INGENIERIA QUIMICA Y NUCLEAR;PROFESOR EMÉRITO;HOMBRE;2
2024;PDI;INGENIERIA QUIMICA Y NUCLEAR;PROFESOR TITULAR DE UNIVERSIDAD;HOMBRE;8
2024;PDI;INGENIERIA QUIMICA Y NUCLEAR;PROFESOR TITULAR DE UNIVERSIDAD;MUJER;14
2024;PDI;INGENIERIA QUIMICA Y NUCLEAR;PROFESOR/A PERMANENTE LABORAL TITULAR;HOMBRE;1
2024;PDI;INGENIERIA QUIMICA Y NUCLEAR;PROFESOR/A PERMANENTE LABORAL TITULAR;MUJER;2
2024;PDI;INGENIERIA RURAL Y AGROALIMENTARIA;CATEDRÁTICO DE ESCUELA UNIVERSITARIA;HOMBRE;1
2024;PDI;INGENIERIA RURAL Y AGROALIMENTARIA;CATEDRÁTICO DE UNIVERSIDAD;HOMBRE;5
2024;PDI;INGENIERIA RURAL Y AGROALIMENTARIA;PROFESOR COLABORADOR;HOMBRE;2
2024;PDI;INGENIERIA RURAL Y AGROALIMENTARIA;PROFESOR TITULAR DE ESCUELA UNIVERSITARIA;HOMBRE;2
2024;PDI;INGENIERIA RURAL Y AGROALIMENTARIA;PROFESOR TITULAR DE UNIVERSIDAD;HOMBRE;10
2024;PDI;INGENIERIA RURAL Y AGROALIMENTARIA;PROFESOR TITULAR DE UNIVERSIDAD;MUJER;3
2024;PDI;INGENIERIA RURAL Y AGROALIMENTARIA;PROFESOR/A PERMANENTE LABORAL TITULAR;HOMBRE;1
2024;PDI;INGENIERIA RURAL Y AGROALIMENTARIA;PROFESOR/A PERMANENTE LABORAL TITULAR;MUJER;1
2024;PDI;INGENIERIA TEXTIL Y PAPELERA;CATEDRÁTICO DE UNIVERSIDAD;HOMBRE;2
2024;PDI;INGENIERIA TEXTIL Y PAPELERA;CATEDRÁTICO DE UNIVERSIDAD;MUJER;2
2024;PDI;INGENIERIA TEXTIL Y PAPELERA;PROFESOR ASOCIADO;HOMBRE;1
2024;PDI;INGENIERIA TEXTIL Y PAPELERA;PROFESOR ASOCIADO;MUJER;1
2024;PDI;INGENIERIA TEXTIL Y PAPELERA;PROFESOR AYUDANTE DOCTOR;HOMBRE;1
2024;PDI;INGENIERIA TEXTIL Y PAPELERA;PROFESOR TITULAR DE UNIVERSIDAD;HOMBRE;9
2024;PDI;INGENIERIA TEXTIL Y PAPELERA;PROFESOR TITULAR DE UNIVERSIDAD;MUJER;1
2024;PDI;INGENIERIA TEXTIL Y PAPELERA;PROFESOR/A PERMANENTE LABORAL TITULAR;MUJER;1
2024;PDI;LINGÜISTICA APLICADA;CATEDRÁTICO DE UNIVERSIDAD;HOMBRE;1
2024;PDI;LINGÜISTICA APLICADA;CATEDRÁTICO DE UNIVERSIDAD;MUJER;2
2024;PDI;LINGÜISTICA APLICADA;PROFESOR ASOCIADO;HOMBRE;9
2024;PDI;LINGÜISTICA APLICADA;PROFESOR ASOCIADO;MUJER;20
2024;PDI;LINGÜISTICA APLICADA;PROFESOR AYUDANTE DOCTOR;MUJER;3
2024;PDI;LINGÜISTICA APLICADA;PROFESOR COLABORADOR;MUJER;2
2024;PDI;LINGÜISTICA APLICADA;PROFESOR CONTRATADO DOCTOR;MUJER;7
2024;PDI;LINGÜISTICA APLICADA;PROFESOR SUSTITUTO;MUJER;4
2024;PDI;LINGÜISTICA APLICADA;PROFESOR TITULAR DE ESCUELA UNIVERSITARIA;MUJER;5
2024;PDI;LINGÜISTICA APLICADA;PROFESOR TITULAR DE UNIVERSIDAD;HOMBRE;4
2024;PDI;LINGÜISTICA APLICADA;PROFESOR TITULAR DE UNIVERSIDAD;MUJER;19
2024;PDI;LINGÜISTICA APLICADA;PROFESOR/A PERMANENTE LABORAL TITULAR;MUJER;3
2024;PDI;MAQUINAS Y MOTORES TERMICOS;CATEDRÁTICO DE UNIVERSIDAD;HOMBRE;31
2024;PDI;MAQUINAS Y MOTORES TERMICOS;CATEDRÁTICO DE UNIVERSIDAD;MUJER;1
2024;PDI;MAQUINAS Y MOTORES TERMICOS;PROFESOR ASOCIADO;HOMBRE;2
2024;PDI;MAQUINAS Y MOTORES TERMICOS;PROFESOR ASOCIADO;MUJER;1
2024;PDI;MAQUINAS Y MOTORES TERMICOS;PROFESOR AYUDANTE DOCTOR;HOMBRE;3
2024;PDI;MAQUINAS Y MOTORES TERMICOS;PROFESOR CONTRATADO DOCTOR;HOMBRE;1
2024;PDI;MAQUINAS Y MOTORES TERMICOS;PROFESOR TITULAR DE UNIVERSIDAD;HOMBRE;11
2024;PDI;MAQUINAS Y MOTORES TERMICOS;PROFESOR TITULAR DE UNIVERSIDAD;MUJER;2
2024;PDI;MAQUINAS Y MOTORES TERMICOS;PROFESOR/A PERMANENTE LABORAL TITULAR;HOMBRE;2
2024;PDI;MAQUINAS Y MOTORES TERMICOS;PROFESOR/A PERMANENTE LABORAL TITULAR;MUJER;1
2024;PDI;MATEMATICA APLICADA;CATEDRÁTICO DE ESCUELA UNIVERSITARIA;HOMBRE;4
2024;PDI;MATEMATICA APLICADA;CATEDRÁTICO DE ESCUELA UNIVERSITARIA;MUJER;1
2024;PDI;MATEMATICA APLICADA;CATEDRÁTICO DE UNIVERSIDAD;HOMBRE;28
2024;PDI;MATEMATICA APLICADA;CATEDRÁTICO DE UNIVERSIDAD;MUJER;8
2024;PDI;MATEMATICA APLICADA;PROFESOR ASOCIADO;HOMBRE;13
2024;PDI;MATEMATICA APLICADA;PROFESOR ASOCIADO;MUJER;2
2024;PDI;MATEMATICA APLICADA;PROFESOR AYUDANTE DOCTOR;HOMBRE;3
2024;PDI;MATEMATICA APLICADA;PROFESOR AYUDANTE DOCTOR;MUJER;4
2024;PDI;MATEMATICA APLICADA;PROFESOR EMÉRITO;HOMBRE;2
2024;PDI;MATEMATICA APLICADA;PROFESOR TITULAR DE UNIVERSIDAD;HOMBRE;28
2024;PDI;MATEMATICA APLICADA;PROFESOR TITULAR DE UNIVERSIDAD;MUJER;32
2024;PDI;MATEMATICA APLICADA;PROFESOR/A PERMANENTE LABORAL TITULAR;HOMBRE;2
2024;PDI;MATEMATICA APLICADA;PROFESOR/A PERMANENTE LABORAL TITULAR;MUJER;5
2024;PDI;MECANICA DE LOS MEDIOS CONTINUOS Y TEORIA DE ESTRUCTURAS;CATEDRÁTICO DE UNIVERSIDAD;HOMBRE;3
2024;PDI;MECANICA DE LOS MEDIOS CONTINUOS Y TEORIA DE ESTRUCTURAS;PROFESOR ASOCIADO;HOMBRE;14
2024;PDI;MECANICA DE LOS MEDIOS CONTINUOS Y TEORIA DE ESTRUCTURAS;PROFESOR ASOCIADO;MUJER;6
2024;PDI;MECANICA DE LOS MEDIOS CONTINUOS Y TEORIA DE ESTRUCTURAS;PROFESOR AYUDANTE DOCTOR;HOMBRE;3
2024;PDI;MECANICA DE LOS MEDIOS CONTINUOS Y TEORIA DE ESTRUCTURAS;PROFESOR AYUDANTE DOCTOR;MUJER;1
2024;PDI;MECANICA DE LOS MEDIOS CONTINUOS Y TEORIA DE ESTRUCTURAS;PROFESOR CONTRATADO DOCTOR;MUJER;1
2024;PDI;MECANICA DE LOS MEDIOS CONTINUOS Y TEORIA DE ESTRUCTURAS;PROFESOR TITULAR DE ESCUELA UNIVERSITARIA;HOMBRE;4
2024;PDI;MECANICA DE LOS MEDIOS CONTINUOS Y TEORIA DE ESTRUCTURAS;PROFESOR TITULAR DE ESCUELA UNIVERSITARIA;MUJER;1
2024;PDI;MECANICA DE LOS MEDIOS CONTINUOS Y TEORIA DE ESTRUCTURAS;PROFESOR TITULAR DE UNIVERSIDAD;HOMBRE;18
2024;PDI;MECANICA DE LOS MEDIOS CONTINUOS Y TEORIA DE ESTRUCTURAS;PROFESOR TITULAR DE UNIVERSIDAD;MUJER;6
2024;PDI;MECANICA DE LOS MEDIOS CONTINUOS Y TEORIA DE ESTRUCTURAS;PROFESOR/A PERMANENTE LABORAL TITULAR;HOMBRE;2
2024;PDI;MECANICA DE LOS MEDIOS CONTINUOS Y TEORIA DE ESTRUCTURAS;PROFESOR/A PERMANENTE LABORAL TITULAR;MUJER;3
2024;PDI;ORGANIZACIÓN DE EMPRESAS;CATEDRÁTICO DE UNIVERSIDAD;HOMBRE;18
2024;PDI;ORGANIZACIÓN DE EMPRESAS;CATEDRÁTICO DE UNIVERSIDAD;MUJER;10
2024;PDI;ORGANIZACIÓN DE EMPRESAS;PROFESOR ASOCIADO;HOMBRE;37
2024;PDI;ORGANIZACIÓN DE EMPRESAS;PROFESOR ASOCIADO;MUJER;11
2024;PDI;ORGANIZACIÓN DE EMPRESAS;PROFESOR AYUDANTE DOCTOR;HOMBRE;3
2024;PDI;ORGANIZACIÓN DE EMPRESAS;PROFESOR AYUDANTE DOCTOR;MUJER;3
2024;PDI;ORGANIZACIÓN DE EMPRESAS;PROFESOR COLABORADOR;HOMBRE;3
2024;PDI;ORGANIZACIÓN DE EMPRESAS;PROFESOR COLABORADOR;MUJER;1
2024;PDI;ORGANIZACIÓN DE EMPRESAS;PROFESOR CONTRATADO DOCTOR;HOMBRE;1
2024;PDI;ORGANIZACIÓN DE EMPRESAS;PROFESOR CONTRATADO DOCTOR;MUJER;1
2024;PDI;ORGANIZACIÓN DE EMPRESAS;PROFESOR TITULAR DE ESCUELA UNIVERSITARIA;HOMBRE;3
2024;PDI;ORGANIZACIÓN DE EMPRESAS;PROFESOR TITULAR DE ESCUELA UNIVERSITARIA;MUJER;2
2024;PDI;ORGANIZACIÓN DE EMPRESAS;PROFESOR TITULAR DE UNIVERSIDAD;HOMBRE;20
2024;PDI;ORGANIZACIÓN DE EMPRESAS;PROFESOR TITULAR DE UNIVERSIDAD;MUJER;18
2024;PDI;ORGANIZACIÓN DE EMPRESAS;PROFESOR/A PERMANENTE LABORAL TITULAR;HOMBRE;7
2024;PDI;ORGANIZACIÓN DE EMPRESAS;PROFESOR/A PERMANENTE LABORAL TITULAR;MUJER;4
2024;PDI;PINTURA;CATEDRÁTICO DE UNIVERSIDAD;HOMBRE;2
2024;PDI;PINTURA;CATEDRÁTICO DE UNIVERSIDAD;MUJER;1
2024;PDI;PINTURA;PROFESOR ASOCIADO;HOMBRE;7
2024;PDI;PINTURA;PROFESOR ASOCIADO;MUJER;6
2024;PDI;PINTURA;PROFESOR AYUDANTE DOCTOR;MUJER;2
2024;PDI;PINTURA;PROFESOR CONTRATADO DOCTOR;MUJER;1
2024;PDI;PINTURA;PROFESOR SUSTITUTO;HOMBRE;1
2024;PDI;PINTURA;PROFESOR SUSTITUTO;MUJER;1
2024;PDI;PINTURA;PROFESOR TITULAR DE UNIVERSIDAD;HOMBRE;18
2024;PDI;PINTURA;PROFESOR TITULAR DE UNIVERSIDAD;MUJER;5
2024;PDI;PINTURA;PROFESOR/A PERMANENTE LABORAL TITULAR;HOMBRE;4
2024;PDI;PINTURA;PROFESOR/A PERMANENTE LABORAL TITULAR;MUJER;1
2024;PDI;PRODUCCION VEGETAL;CATEDRÁTICO DE ESCUELA UNIVERSITARIA;HOMBRE;1
2024;PDI;PRODUCCION VEGETAL;CATEDRÁTICO DE ESCUELA UNIVERSITARIA;MUJER;1
2024;PDI;PRODUCCION VEGETAL;CATEDRÁTICO DE UNIVERSIDAD;HOMBRE;3
2024;PDI;PRODUCCION VEGETAL;PROFESOR ASOCIADO;HOMBRE;1
2024;PDI;PRODUCCION VEGETAL;PROFESOR AYUDANTE DOCTOR;HOMBRE;1
2024;PDI;PRODUCCION VEGETAL;PROFESOR CONTRATADO DOCTOR;HOMBRE;1
2024;PDI;PRODUCCION VEGETAL;PROFESOR EMÉRITO;HOMBRE;3
2024;PDI;PRODUCCION VEGETAL;PROFESOR TITULAR DE UNIVERSIDAD;HOMBRE;7
2024;PDI;PRODUCCION VEGETAL;PROFESOR TITULAR DE UNIVERSIDAD;MUJER;6
2024;PDI;PRODUCCION VEGETAL;PROFESOR/A PERMANENTE LABORAL TITULAR;HOMBRE;2
2024;PDI;PRODUCCION VEGETAL;PROFESOR/A PERMANENTE LABORAL TITULAR;MUJER;1
2024;PDI;PROYECTOS ARQUITECTONICOS;CATEDRÁTICO DE UNIVERSIDAD;HOMBRE;2
2024;PDI;PROYECTOS ARQUITECTONICOS;PROFESOR ASOCIADO;HOMBRE;42
2024;PDI;PROYECTOS ARQUITECTONICOS;PROFESOR ASOCIADO;MUJER;9
2024;PDI;PROYECTOS ARQUITECTONICOS;PROFESOR AYUDANTE DOCTOR;HOMBRE;4
2024;PDI;PROYECTOS ARQUITECTONICOS;PROFESOR AYUDANTE DOCTOR;MUJER;4
2024;PDI;PROYECTOS ARQUITECTONICOS;PROFESOR COLABORADOR;MUJER;2
2024;PDI;PROYECTOS ARQUITECTONICOS;PROFESOR CONTRATADO DOCTOR;HOMBRE;3
2024;PDI;PROYECTOS ARQUITECTONICOS;PROFESOR CONTRATADO DOCTOR;MUJER;2
2024;PDI;PROYECTOS ARQUITECTONICOS;PROFESOR TITULAR DE ESCUELA UNIVERSITARIA;HOMBRE;2
2024;PDI;PROYECTOS ARQUITECTONICOS;PROFESOR TITULAR DE UNIVERSIDAD;HOMBRE;11
2024;PDI;PROYECTOS ARQUITECTONICOS;PROFESOR TITULAR DE UNIVERSIDAD;MUJER;5
2024;PDI;PROYECTOS ARQUITECTONICOS;PROFESOR/A PERMANENTE LABORAL TITULAR;HOMBRE;6
2024;PDI;PROYECTOS ARQUITECTONICOS;PROFESOR/A PERMANENTE LABORAL TITULAR;MUJER;1
2024;PDI;PROYECTOS DE INGENIERIA;CATEDRÁTICO DE UNIVERSIDAD;HOMBRE;5
2024;PDI;PROYECTOS DE INGENIERIA;CATEDRÁTICO DE UNIVERSIDAD;MUJER;3
2024;PDI;PROYECTOS DE INGENIERIA;PROFESOR ASOCIADO;HOMBRE;4
2024;PDI;PROYECTOS DE INGENIERIA;PROFESOR ASOCIADO;MUJER;3
2024;PDI;PROYECTOS DE INGENIERIA;PROFESOR AYUDANTE DOCTOR;MUJER;1
2024;PDI;PROYECTOS DE INGENIERIA;PROFESOR TITULAR DE ESCUELA UNIVERSITARIA;MUJER;1
2024;PDI;PROYECTOS DE INGENIERIA;PROFESOR TITULAR DE UNIVERSIDAD;HOMBRE;13
2024;PDI;PROYECTOS DE INGENIERIA;PROFESOR TITULAR DE UNIVERSIDAD;MUJER;5
2024;PDI;PROYECTOS DE INGENIERIA;PROFESOR/A PERMANENTE LABORAL TITULAR;HOMBRE;3
2024;PDI;PROYECTOS DE INGENIERIA;PROFESOR/A PERMANENTE LABORAL TITULAR;MUJER;5
2024;PDI;QUIMICA;CATEDRÁTICO DE ESCUELA UNIVERSITARIA;HOMBRE;1
2024;PDI;QUIMICA;CATEDRÁTICO DE UNIVERSIDAD;HOMBRE;4
2024;PDI;QUIMICA;CATEDRÁTICO DE UNIVERSIDAD;MUJER;7
2024;PDI;QUIMICA;PROFESOR AYUDANTE DOCTOR;MUJER;1
2024;PDI;QUIMICA;PROFESOR CONTRATADO DOCTOR;HOMBRE;3
2024;PDI;QUIMICA;PROFESOR EMÉRITO;HOMBRE;2
2024;PDI;QUIMICA;PROFESOR EMÉRITO;MUJER;1
2024;PDI;QUIMICA;PROFESOR TITULAR DE UNIVERSIDAD;HOMBRE;7
2024;PDI;QUIMICA;PROFESOR TITULAR DE UNIVERSIDAD;MUJER;11
2024;PDI;QUIMICA;PROFESOR/A PERMANENTE LABORAL TITULAR;HOMBRE;1
2024;PDI;QUIMICA;PROFESOR/A PERMANENTE LABORAL TITULAR;MUJER;2
2024;PDI;SISTEMAS INFORMATICOS Y COMPUTACION;CATEDRÁTICO DE UNIVERSIDAD;HOMBRE;27
2024;PDI;SISTEMAS INFORMATICOS Y COMPUTACION;CATEDRÁTICO DE UNIVERSIDAD;MUJER;8
2024;PDI;SISTEMAS INFORMATICOS Y COMPUTACION;PROFESOR ASOCIADO;HOMBRE;20
2024;PDI;SISTEMAS INFORMATICOS Y COMPUTACION;PROFESOR ASOCIADO;MUJER;4
2024;PDI;SISTEMAS INFORMATICOS Y COMPUTACION;PROFESOR AYUDANTE DOCTOR;HOMBRE;4
2024;PDI;SISTEMAS INFORMATICOS Y COMPUTACION;PROFESOR AYUDANTE DOCTOR;MUJER;3
2024;PDI;SISTEMAS INFORMATICOS Y COMPUTACION;PROFESOR COLABORADOR;HOMBRE;2
2024;PDI;SISTEMAS INFORMATICOS Y COMPUTACION;PROFESOR CONTRATADO DOCTOR;HOMBRE;1
2024;PDI;SISTEMAS INFORMATICOS Y COMPUTACION;PROFESOR SUSTITUTO;HOMBRE;2
2024;PDI;SISTEMAS INFORMATICOS Y COMPUTACION;PROFESOR TITULAR DE ESCUELA UNIVERSITARIA;HOMBRE;5
2024;PDI;SISTEMAS INFORMATICOS Y COMPUTACION;PROFESOR TITULAR DE ESCUELA UNIVERSITARIA;MUJER;1
2024;PDI;SISTEMAS INFORMATICOS Y COMPUTACION;PROFESOR TITULAR DE UNIVERSIDAD;HOMBRE;49
2024;PDI;SISTEMAS INFORMATICOS Y COMPUTACION;PROFESOR TITULAR DE UNIVERSIDAD;MUJER;14
2024;PDI;SISTEMAS INFORMATICOS Y COMPUTACION;PROFESOR/A PERMANENTE LABORAL TITULAR;HOMBRE;8
2024;PDI;SISTEMAS INFORMATICOS Y COMPUTACION;PROFESOR/A PERMANENTE LABORAL TITULAR;MUJER;1
2024;PDI;TECNOLOGIA DE ALIMENTOS;CATEDRÁTICO DE UNIVERSIDAD;HOMBRE;8
2024;PDI;TECNOLOGIA DE ALIMENTOS;CATEDRÁTICO DE UNIVERSIDAD;MUJER;18
2024;PDI;TECNOLOGIA DE ALIMENTOS;PROFESOR ASOCIADO;HOMBRE;3
2024;PDI;TECNOLOGIA DE ALIMENTOS;PROFESOR EMÉRITO;HOMBRE;1
2024;PDI;TECNOLOGIA DE ALIMENTOS;PROFESOR TITULAR DE UNIVERSIDAD;HOMBRE;5
2024;PDI;TECNOLOGIA DE ALIMENTOS;PROFESOR TITULAR DE UNIVERSIDAD;MUJER;14
2024;PDI;TERMODINAMICA APLICADA;CATEDRÁTICO DE UNIVERSIDAD;HOMBRE;7
2024;PDI;TERMODINAMICA APLICADA;CATEDRÁTICO DE UNIVERSIDAD;MUJER;3
2024;PDI;TERMODINAMICA APLICADA;PROFESOR ASOCIADO;HOMBRE;5
2024;PDI;TERMODINAMICA APLICADA;PROFESOR ASOCIADO;MUJER;2
2024;PDI;TERMODINAMICA APLICADA;PROFESOR AYUDANTE DOCTOR;MUJER;1
2024;PDI;TERMODINAMICA APLICADA;PROFESOR CONTRATADO DOCTOR;HOMBRE;1
2024;PDI;TERMODINAMICA APLICADA;PROFESOR TITULAR DE UNIVERSIDAD;HOMBRE;6
2024;PDI;TERMODINAMICA APLICADA;PROFESOR TITULAR DE UNIVERSIDAD;MUJER;2
2024;PDI;TERMODINAMICA APLICADA;PROFESOR/A PERMANENTE LABORAL TITULAR;HOMBRE;2
2024;PDI;URBANISMO;CATEDRÁTICO DE UNIVERSIDAD;HOMBRE;1
2024;PDI;URBANISMO;CATEDRÁTICO DE UNIVERSIDAD;MUJER;1
2024;PDI;URBANISMO;PROFESOR ASOCIADO;HOMBRE;17
2024;PDI;URBANISMO;PROFESOR ASOCIADO;MUJER;10
2024;PDI;URBANISMO;PROFESOR AYUDANTE DOCTOR;HOMBRE;3
2024;PDI;URBANISMO;PROFESOR AYUDANTE DOCTOR;MUJER;2
2024;PDI;URBANISMO;PROFESOR TITULAR DE ESCUELA UNIVERSITARIA;HOMBRE;1
2024;PDI;URBANISMO;PROFESOR TITULAR DE ESCUELA UNIVERSITARIA;MUJER;1
2024;PDI;URBANISMO;PROFESOR TITULAR DE UNIVERSIDAD;HOMBRE;8
2024;PDI;URBANISMO;PROFESOR TITULAR DE UNIVERSIDAD;MUJER;3
2024;PDI;URBANISMO;PROFESOR/A PERMANENTE LABORAL TITULAR;HOMBRE;5
2024;PDI;URBANISMO;PROFESOR/A PERMANENTE LABORAL TITULAR;MUJER;3
